"Cod birou electoral",Județ,Uat,Localitate,Secție,Nr,Tip,a,a1,a2,b,b1,b2,b3,c,d,e,f,h,i,g1,g2,g3,g4,g5,g6,g7,g8,g9,g10,g11,g12,g13,g14,g15,g16
48,STRĂINĂTATE,AFGANISTAN,KABUL,"KABUL - AFGANISTAN",1,Europarlamentare,0,0,0,18,0,0,18,150,132,18,0,"NU A FOST CAZUL.","SIGILII INTACTE.",1,10,0,0,3,1,0,1,0,0,0,0,0,2,0,0
48,STRĂINĂTATE,AFGANISTAN,KABUL/HKIA,"KABUL/HKIA - AFGANISTAN",2,Europarlamentare,0,0,0,204,0,0,204,350,146,204,0,0,0,8,100,22,1,31,2,2,7,2,0,9,0,0,9,10,1
48,STRĂINĂTATE,AFGANISTAN,KANDAHAR/KAF,"KANDAHAR/KAF - AFGANISTAN",3,Europarlamentare,0,0,0,557,0,0,557,652,95,548,9,"NU SUNT.",INTACTE,40,200,71,5,102,20,4,20,7,1,10,7,3,18,26,14
48,STRĂINĂTATE,"AFRICA DE SUD",PRETORIA,"PRETORIA - AFRICA DE SUD",4,Europarlamentare,0,0,0,93,0,0,93,400,307,93,0,"NU ESTE CAZUL",INTACTA,7,55,3,1,17,1,0,2,0,0,0,0,0,1,5,1
48,STRĂINĂTATE,"AFRICA DE SUD","CAPE TOWN","CAPE TOWN - AFRICA DE SUD",5,Europarlamentare,0,0,0,47,0,0,47,200,153,47,0,"NU E CAZUL",INTACTA,6,22,5,0,6,0,0,2,0,0,0,2,1,0,1,2
48,STRĂINĂTATE,ALBANIA,TIRANA,"TIRANA - ALBANIA",6,Europarlamentare,0,0,0,66,0,0,66,300,234,66,0,"NU E CAZUL",INTACTA,1,33,5,0,18,4,0,2,0,0,0,0,0,0,1,2
48,STRĂINĂTATE,ALGERIA,ALGER,"ALGER - ALGERIA",7,Europarlamentare,0,0,0,21,0,0,21,200,179,21,0,0,0,5,4,1,0,4,3,0,2,0,0,0,0,0,2,0,0
48,STRĂINĂTATE,ANGOLA,LUANDA,"LUANDA - ANGOLA",8,Europarlamentare,0,0,0,12,0,0,12,200,188,12,0,"NU AU FOST","FOARTE BUNA",3,1,0,0,2,0,0,4,1,0,1,0,0,0,0,0
48,STRĂINĂTATE,"ARABIA SAUDITĂ",RIAD,"RIAD - ARABIA SAUDITĂ",9,Europarlamentare,0,0,0,109,0,0,109,500,391,109,0,0,0,3,70,6,0,23,4,0,1,0,0,1,0,0,0,0,1
48,STRĂINĂTATE,ARGENTINA,"BUENOS AIRES","BUENOS AIRES - ARGENTINA",10,Europarlamentare,0,0,0,57,0,0,57,200,143,57,0,0,BUNA,4,30,7,2,7,1,0,2,0,0,0,0,1,0,2,1
48,STRĂINĂTATE,ARMENIA,EREVAN,"EREVAN - ARMENIA",11,Europarlamentare,0,0,0,20,0,0,20,200,180,20,0,0,0,0,16,0,0,1,0,1,1,0,0,0,0,0,0,1,0
48,STRĂINĂTATE,AUSTRALIA,MELBOURNE,"MELBOURNE - AUSTRALIA",12,Europarlamentare,0,0,0,302,0,0,302,1500,1198,295,7,0,0,5,179,1,0,55,3,0,22,0,0,0,1,1,4,2,22
48,STRĂINĂTATE,AUSTRALIA,CANBERRA,"CANBERRA - AUSTRALIA",13,Europarlamentare,0,0,0,18,0,0,18,1500,1482,18,0,"NU S-AU INREGISTRAT CONTEETATII","STARE PERFECTA",0,11,1,0,3,1,0,1,0,0,0,0,0,0,1,0
48,STRĂINĂTATE,AUSTRALIA,ADELAIDE,"ADELAIDE - AUSTRALIA",14,Europarlamentare,0,0,0,56,0,0,56,1500,1444,56,0,0,OK,0,24,0,0,17,1,0,4,0,0,0,0,0,1,5,4
48,STRĂINĂTATE,AUSTRALIA,PERTH,"PERTH - AUSTRALIA",15,Europarlamentare,0,0,0,179,0,0,179,1500,1321,176,3,0,0,3,93,1,0,31,1,0,8,0,0,2,2,0,2,3,30
48,STRĂINĂTATE,AUSTRALIA,SYDNEY,"SYDNEY - AUSTRALIA",16,Europarlamentare,0,0,0,237,0,0,237,1501,1264,236,1,0,0,12,153,1,0,38,10,0,11,0,0,3,1,0,6,1,0
48,STRĂINĂTATE,AUSTRALIA,BRISBANE,"BRISBANE - AUSTRALIA",17,Europarlamentare,0,0,0,137,0,0,137,1500,1363,134,3,"NU EXISTA",INTACTA,6,68,2,2,29,0,7,7,0,0,0,1,0,1,0,11
48,STRĂINĂTATE,"NOUA ZEELANDĂ",AUCKLAND,"AUCKLAND - NOUA ZEELANDĂ",18,Europarlamentare,0,0,0,173,0,0,173,1500,1327,172,1,0,INTACTE,11,112,1,0,30,3,0,4,0,1,2,0,1,2,1,4
48,STRĂINĂTATE,AUSTRIA,VIENA,"VIENA - AUSTRIA",19,Europarlamentare,0,0,0,1463,0,0,1463,4000,2537,1463,0,0,buna,21,940,36,18,273,10,5,47,3,2,3,7,1,9,29,59
48,STRĂINĂTATE,AUSTRIA,VIENA,"VIENA - AUSTRIA",20,Europarlamentare,0,0,0,1343,0,0,1343,4000,2657,1330,13,"NU ESTE CAZUL.","7 EXEMPLARE",28,526,31,9,527,16,5,72,2,1,10,1,3,9,20,70
48,STRĂINĂTATE,AUSTRIA,VIENA,"VIENA - AUSTRIA",21,Europarlamentare,0,0,0,1434,0,0,1434,4000,2566,1424,10,0,INTACTA,24,606,31,18,479,21,2,87,4,0,2,8,1,17,22,102
48,STRĂINĂTATE,AUSTRIA,VIENA,"VIENA - AUSTRIA",22,Europarlamentare,0,0,0,1482,0,0,1482,4000,2518,1466,16,"LA FINALUL PROCESULUI DE VOTARE MAI MULTI ALEGATORI AU SEMNAT O PETITIE COLECTIVA CARE VA FI TRANSMISA BIROULUI ELECTORAL DIN STRAINATATE",INTACTE,28,677,19,7,488,15,5,77,2,1,4,6,1,8,29,99
48,STRĂINĂTATE,AUSTRIA,GRAZ,"GRAZ - AUSTRIA",23,Europarlamentare,0,0,0,1482,0,0,1482,4000,2511,1463,19,0,0,12,448,31,9,653,13,6,93,4,3,7,7,1,11,27,138
48,STRĂINĂTATE,AUSTRIA,KLAGENFURT,"KLAGENFURT - AUSTRIA",24,Europarlamentare,0,0,0,934,0,0,934,4000,3066,920,14,"NU ESTE CAZUL",INTACT,11,290,23,5,439,12,1,23,3,0,6,3,4,4,18,78
48,STRĂINĂTATE,AUSTRIA,SALZBURG,"SALZBURG - AUSTRIA",25,Europarlamentare,0,0,0,1403,0,0,1403,4000,2597,1393,10,0,0,9,644,29,13,447,22,4,62,7,2,6,1,0,18,42,87
48,STRĂINĂTATE,AUSTRIA,VIENA,"VIENA - AUSTRIA",26,Europarlamentare,0,0,0,1768,0,0,1768,4000,2212,1743,20,0,0,16,673,39,19,598,15,4,137,7,3,14,5,12,17,31,153
48,STRĂINĂTATE,AUSTRIA,VIENA,"VIENA - AUSTRIA",27,Europarlamentare,0,0,0,1000,0,0,1000,4000,3000,991,9,0,"SIGILIILE URNELOR ERAU INTACTE",12,476,33,18,316,22,3,43,8,2,8,6,1,11,25,7
48,STRĂINĂTATE,AZERBAIDJAN,BAKU,"BAKU - AZERBAIDJAN",28,Europarlamentare,0,0,0,52,0,0,52,200,148,52,0,"NU E CAZUL",INTACTA,4,25,2,1,8,6,0,2,0,0,0,0,0,0,1,3
48,STRĂINĂTATE,BELARUS,MINSK,"MINSK - BELARUS",29,Europarlamentare,0,0,0,20,0,0,20,101,81,20,0,"NU ESTE CAZUL",INTACTA,1,11,0,1,1,1,0,1,0,0,0,0,0,2,1,1
48,STRĂINĂTATE,BELGIA,BRUXELLES,"BRUXELLES - BELGIA",30,Europarlamentare,0,0,0,1667,0,0,1667,9775,8108,1655,12,0,BUNA,33,1077,41,13,266,17,14,85,6,3,5,6,1,24,25,39
48,STRĂINĂTATE,BELGIA,BRUXELLES,"BRUXELLES - BELGIA",31,Europarlamentare,0,0,0,1499,0,0,1499,9776,8277,1488,11,"O SOLICITARE DE PRELUNGIRE PROGRAM VOT DE CATRE OBSERVATOR INDEPENDENT",INTACTE,29,952,24,21,296,19,11,51,7,2,6,5,4,14,26,21
48,STRĂINĂTATE,BELGIA,BRUXELLES,"BRUXELLES - BELGIA",32,Europarlamentare,0,0,0,1676,0,0,1676,7000,5324,1659,17,"NU S-A FORMULAT NICIO CONTESTATIE IN SCRIS","INTACTA, URNE SIGILATE",27,780,43,15,523,22,6,109,7,4,15,11,3,17,48,29
48,STRĂINĂTATE,BELGIA,BRUXELLES,"BRUXELLES - BELGIA",33,Europarlamentare,0,0,0,2063,0,0,2063,7000,4937,2038,25,0,0,24,959,43,14,569,35,26,169,9,3,12,22,8,30,43,72
48,STRĂINĂTATE,BELGIA,BRUXELLES,"BRUXELLES - BELGIA",34,Europarlamentare,0,0,0,1401,0,0,1401,7000,5599,1385,16,0,"Sigilii intacte",23,599,30,14,452,17,13,89,7,0,4,13,5,18,38,63
48,STRĂINĂTATE,BELGIA,BRUXELLES,"BRUXELLES - BELGIA",35,Europarlamentare,0,0,0,1516,0,0,1516,7000,5484,1493,17,"CERERE PRELUNGIRE PROGRAM DE VOTARE INTRUCAT LA USA SECTIEI DE VOTARE AVEAM UN NR FOARTE MARE DE ALEGATORI CARE ASTEPTAU DE FOARTEMULT TIMP SA -SI EXERCITE DREPTUL DE VOT SI ERA FOARTE CLAR CA NU VOR REUSI . ACESTIA DEVENISERA RECALCITRANTI SIAMENINTAU SIGURANTA SECTIEI SI MEMBRILOR BIROULUI SECTIEI DE VOTARE.CONTESTATII DIN PARTEACETATENILOR ROMANI CARE NU AU REUSIT SA VOTEZE.","STARE SIGILII INTACTA.",13,657,25,9,500,27,9,63,1,5,14,8,7,20,45,90
48,STRĂINĂTATE,BELGIA,LIEGE,"LIEGE - BELGIA",36,Europarlamentare,0,0,0,1563,0,0,1563,7000,5437,1510,25,0,0,17,742,47,15,413,30,9,89,7,0,22,17,6,17,42,37
48,STRĂINĂTATE,BELGIA,ANTWERP,"ANTWERP - BELGIA",37,Europarlamentare,0,0,0,2550,0,0,2550,7000,4508,2461,31,0,0,21,1240,65,38,732,22,12,132,13,3,7,16,6,28,78,48
48,STRĂINĂTATE,"BOSNIA ȘI HERȚEGOVINA",SARAJEVO,"SARAJEVO - BOSNIA ȘI HERȚEGOVINA",38,Europarlamentare,0,0,0,71,0,0,71,200,129,71,0,0,0,3,42,2,0,11,1,0,6,1,0,2,1,0,1,0,1
48,STRĂINĂTATE,BRAZILIA,BRASILIA,"BRASILIA - BRAZILIA",39,Europarlamentare,0,0,0,13,0,0,13,200,187,13,0,0,0,0,9,0,0,3,0,0,1,0,0,0,0,0,0,0,0
48,STRĂINĂTATE,BRAZILIA,"RIO DE JANEIRO","RIO DE JANEIRO - BRAZILIA",40,Europarlamentare,0,0,0,26,0,0,26,200,174,26,0,0,0,3,12,1,2,1,2,0,2,0,1,0,0,0,0,1,1
48,STRĂINĂTATE,BULGARIA,SOFIA,"SOFIA - BULGARIA",41,Europarlamentare,0,0,0,295,0,0,295,2000,1705,293,2,"NU ESTE CAZUL",INTACTE,11,173,16,1,43,6,3,19,0,0,1,2,1,5,9,3
48,STRĂINĂTATE,CANADA,OTTAWA,"OTTAWA - CANADA",42,Europarlamentare,0,0,0,332,0,0,332,3000,2668,331,1,NU,INTACTE,12,172,10,0,76,1,1,32,0,1,2,1,0,2,9,12
48,STRĂINĂTATE,CANADA,DIEPPE,"DIEPPE - CANADA",43,Europarlamentare,0,0,0,91,0,0,91,3000,2909,91,0,0,INTACTE,0,53,0,2,12,2,0,7,0,0,3,2,0,2,5,3
48,STRĂINĂTATE,CANADA,CALGARY,"CALGARY - CANADA",44,Europarlamentare,0,0,0,445,0,0,445,3000,2555,444,1,"NU AU FOST FORMULATE INTAMPINARI SI NICI NU AU FOST INAINTATE CONTESTATII.","SIGILIILE DE PE URNE AU FOST INTACTE LA INCHEIEREA VOTARII.",12,289,7,1,76,4,0,21,1,1,3,1,0,5,3,20
48,STRĂINĂTATE,CANADA,VANCOUVER,"VANCOUVER - CANADA",45,Europarlamentare,0,0,0,571,0,0,571,3000,2429,568,3,0,0,10,354,1,4,121,8,3,35,0,0,3,4,2,1,3,19
48,STRĂINĂTATE,CANADA,MONTREAL,"MONTREAL - CANADA",46,Europarlamentare,0,0,0,1175,0,0,1175,3000,1825,1162,13,0,0,21,744,20,5,235,12,5,71,0,0,3,3,2,12,15,14
48,STRĂINĂTATE,CANADA,TORONTO,"TORONTO - CANADA",47,Europarlamentare,0,0,0,1374,0,0,1374,3000,1626,1369,5,0,0,41,798,17,5,304,14,1,101,4,1,10,4,1,12,17,39
48,STRĂINĂTATE,"REPUBLICA CEHĂ",PRAGA,"PRAGA - REPUBLICA CEHĂ",48,Europarlamentare,0,0,0,1424,0,0,1424,2500,1076,1418,6,"NU E CAZUL.",BUNA.,28,939,30,13,230,16,0,61,4,3,5,1,4,33,29,22
48,STRĂINĂTATE,"REPUBLICA CEHĂ",BRNO,"BRNO - REPUBLICA CEHĂ",49,Europarlamentare,0,0,0,438,0,0,438,2000,1562,432,6,0,0,8,280,6,7,69,4,1,20,0,0,3,2,0,9,18,5
48,STRĂINĂTATE,COLUMBIA,BOGOTA,"BOGOTA - COLUMBIA",50,Europarlamentare,0,0,0,33,0,0,33,5000,4967,32,1,"NU AU EXISTAT",BUNE,2,21,3,1,3,0,0,0,0,0,0,1,0,0,1,0
48,STRĂINĂTATE,"REPUBLICA POPULARĂ DEMOCRATĂ COREEANĂ",PHENIAN,"PHENIAN - REPUBLICA POPULARĂ DEMOCRATĂ COREEANĂ",51,Europarlamentare,0,0,0,9,0,0,9,101,92,9,0,"NU A FOST CAZUL",INTACTA,0,4,0,0,3,2,0,0,0,0,0,0,0,0,0,0
48,STRĂINĂTATE,"REPUBLICA COREEA",SEOUL,"SEOUL - REPUBLICA COREEA",52,Europarlamentare,0,0,0,60,0,0,60,2000,1940,60,0,0,0,2,37,4,0,9,3,0,1,0,0,0,0,0,3,0,1
48,STRĂINĂTATE,CHILE,"SANTIAGO DE CHILE","SANTIAGO DE CHILE - CHILE",53,Europarlamentare,0,0,0,48,0,0,48,1000,952,48,0,"NU ESTE CAZUL",INTACTA,2,29,1,0,9,2,0,0,0,0,2,1,0,1,1,0
48,STRĂINĂTATE,CHILE,COPIAPO,"COPIAPO - CHILE",54,Europarlamentare,0,0,0,16,0,0,16,500,484,16,0,0,0,0,7,0,0,3,2,0,1,0,0,0,0,0,1,2,0
48,STRĂINĂTATE,CHINA,BEIJING,"BEIJING - CHINA",55,Europarlamentare,0,0,0,99,0,0,99,500,401,97,2,"NU A FOST CAZUL",INTACT,9,51,9,1,13,5,0,4,0,0,0,0,0,1,4,0
48,STRĂINĂTATE,CHINA,"HONG KONG","HONG KONG - CHINA",56,Europarlamentare,0,0,0,103,0,0,103,500,397,101,2,"NU AU EXISTAT",INTACTA,1,73,3,1,13,1,0,7,0,0,0,0,0,0,1,1
48,STRĂINĂTATE,CHINA,SHANGHAI,"SHANGHAI - CHINA",57,Europarlamentare,0,0,0,143,0,0,143,500,357,143,0,0,0,2,104,1,1,16,1,2,6,0,0,0,0,0,6,2,2
48,STRĂINĂTATE,CIPRU,NICOSIA,"NICOSIA - CIPRU",58,Europarlamentare,0,0,0,1048,0,0,1048,7000,5927,1024,24,"CNP 1940405101517 - ION MARIUS CIPRIAN, CARE CORESPUNDE ALEGATORULUI CU NR. 419 DIN ADV, SI-A EXPRIMAT DEJA VOTUL LA SCRUTINUL EUROPARLAMENTAR CIPRIOT DIN 26.05.2019.",INTACTE,20,471,16,7,320,9,5,104,8,0,9,5,5,19,17,9
48,STRĂINĂTATE,CIPRU,PAFOS,"PAFOS - CIPRU",59,Europarlamentare,0,0,0,811,0,0,811,7000,6189,804,7,0,0,26,350,29,7,242,25,1,61,5,0,9,4,3,13,17,12
48,STRĂINĂTATE,CIPRU,LIMASSOL,"LIMASSOL - CIPRU",60,Europarlamentare,0,0,0,1013,0,0,1013,7000,5987,998,15,0,"SIGILIILE AU FOST INTACTE",24,370,34,8,366,17,8,91,10,3,12,6,2,15,18,14
48,STRĂINĂTATE,CROAȚIA,ZAGREB,"ZAGREB - CROAȚIA",61,Europarlamentare,0,0,0,191,0,0,191,1000,809,190,1,"NU AU FOST",INTACTE,5,111,11,6,33,4,0,7,0,0,2,1,0,1,5,4
48,STRĂINĂTATE,CUBA,HAVANA,"HAVANA - CUBA",62,Europarlamentare,0,0,0,36,0,0,36,500,464,35,1,"NU ESTE CAZUL",INTACTE,0,17,7,0,5,2,0,0,0,0,0,0,1,2,1,0
48,STRĂINĂTATE,DANEMARCA,COPENHAGA,"COPENHAGA - DANEMARCA",63,Europarlamentare,0,0,0,1224,0,0,1224,1998,774,1216,8,0,BUNA,10,868,25,10,191,8,5,27,2,0,6,7,1,12,34,10
48,STRĂINĂTATE,DANEMARCA,AARHUS,"AARHUS - DANEMARCA",64,Europarlamentare,0,0,0,1321,0,0,1321,2000,679,1310,11,0,intacte,15,902,21,16,185,12,0,39,5,1,9,12,0,19,59,15
48,STRĂINĂTATE,DANEMARCA,AALBORG,"AALBORG - DANEMARCA",65,Europarlamentare,0,0,0,955,0,0,955,2000,1045,949,6,"NU AU FOST",PERFECTA,14,650,13,14,152,11,1,30,5,0,5,2,3,8,27,14
48,STRĂINĂTATE,DANEMARCA,ODENSE,"ODENSE - DANEMARCA",66,Europarlamentare,0,0,0,864,0,0,864,2000,1136,859,5,0,"IN REGULA",4,573,19,17,110,10,1,43,6,0,7,5,2,17,26,19
48,STRĂINĂTATE,DANEMARCA,RINGKØBING,"RINGKØBING - DANEMARCA",67,Europarlamentare,0,0,0,1264,0,0,1264,2000,736,1256,8,"NU A FOST CAZUL",BUNA,7,720,15,8,292,6,4,50,2,2,4,3,3,31,57,52
48,STRĂINĂTATE,DANEMARCA,VEJLE,"VEJLE - DANEMARCA",68,Europarlamentare,0,0,0,1245,0,0,1245,2000,755,1235,10,0,0,12,830,20,17,192,8,1,54,3,3,6,1,3,16,52,17
48,STRĂINĂTATE,DANEMARCA,SØNDERBORG,"SØNDERBORG - DANEMARCA",69,Europarlamentare,0,0,0,898,0,0,898,2000,1101,891,7,"NU ESTE CAZUL.","INTACTA, FARA PROBLEME.",4,480,18,8,206,14,1,65,3,0,11,9,2,15,32,23
48,STRĂINĂTATE,EGIPT,CAIRO,"CAIRO - EGIPT",70,Europarlamentare,0,0,0,104,0,0,104,1004,900,103,1,"VOTUL S-A DERULAT IN CONDITII NORMALE",INTACTE,5,47,6,3,21,6,0,5,1,0,0,0,1,5,2,1
48,STRĂINĂTATE,ELVEȚIA,GENEVA,"GENEVA - ELVEȚIA",71,Europarlamentare,0,0,0,1101,0,0,1101,4000,2899,1087,14,"CONFORM PV FOTOGRAFIAT",INTACTA,12,653,30,5,252,14,4,50,3,1,6,2,2,7,27,19
48,STRĂINĂTATE,ELVEȚIA,BERNA,"BERNA - ELVEȚIA",72,Europarlamentare,0,0,0,959,0,0,959,4000,3041,944,15,0,INTACTA,15,557,18,25,195,14,3,42,0,0,10,8,1,10,24,22
48,STRĂINĂTATE,ELVEȚIA,ZÜRICH,"ZÜRICH - ELVEȚIA",73,Europarlamentare,0,0,0,1878,0,0,1878,4000,2122,1854,11,OK,OK,14,1344,23,23,252,14,5,69,6,1,5,7,3,16,28,44
48,STRĂINĂTATE,ELVEȚIA,BASEL,"BASEL - ELVEȚIA",74,Europarlamentare,0,0,0,998,0,0,998,4000,3002,998,0,0,CORECTA,10,665,11,17,185,12,2,44,3,0,6,1,1,11,13,17
48,STRĂINĂTATE,"EMIRATELE ARABE UNITE","ABU DHABI","ABU DHABI - EMIRATELE ARABE UNITE",75,Europarlamentare,0,0,0,601,0,0,601,1500,899,600,1,"NU EXISTA",INTACTE,13,386,13,3,87,22,7,34,1,1,5,2,3,11,5,7
48,STRĂINĂTATE,"EMIRATELE ARABE UNITE",DUBAI,"DUBAI - EMIRATELE ARABE UNITE",76,Europarlamentare,0,0,0,1271,0,0,1271,1500,229,1264,7,0,INTACTE,36,860,35,5,154,29,7,77,6,3,7,6,3,16,9,11
48,STRĂINĂTATE,ESTONIA,TALLINN,"TALLINN - ESTONIA",77,Europarlamentare,0,0,0,133,0,0,133,1000,867,133,0,"NU A FOST CAZUL",INTACTE,5,97,4,2,6,4,0,7,0,0,1,1,0,2,2,2
48,STRĂINĂTATE,ETIOPIA,"ADDIS ABEBA","ADDIS ABEBA - ETIOPIA",78,Europarlamentare,0,0,0,19,0,0,19,100,81,19,0,"NU SUNT",INTACT,0,8,1,0,4,0,0,1,0,0,0,0,0,0,0,5
48,STRĂINĂTATE,FILIPINE,MANILA,"MANILA - FILIPINE",79,Europarlamentare,0,0,0,36,0,0,36,200,164,36,0,0,0,1,30,1,0,1,1,0,1,0,0,0,0,0,0,0,1
48,STRĂINĂTATE,FINLANDA,HELSINKI,"HELSINKI - FINLANDA",80,Europarlamentare,0,0,0,592,0,0,592,3000,2408,587,5,"NU E CAZUL.",INTACTE,5,354,8,11,128,4,3,46,4,0,4,2,1,4,9,4
48,STRĂINĂTATE,FINLANDA,TAMPERE,"TAMPERE - FINLANDA",81,Europarlamentare,0,0,0,135,0,0,135,2000,1865,135,0,"NU ESTE CAZUL",INTACTA,5,86,6,1,14,1,3,9,1,0,2,0,0,2,4,1
48,STRĂINĂTATE,FINLANDA,TURKU,"TURKU - FINLANDA",82,Europarlamentare,0,0,0,406,0,0,406,2001,1595,401,5,0,0,6,175,16,1,107,4,0,25,5,1,4,1,1,9,26,20
48,STRĂINĂTATE,FINLANDA,MARIEHAMN,"MARIEHAMN - FINLANDA",83,Europarlamentare,0,0,0,161,0,0,161,2000,1839,154,7,0,PERFECTA,5,64,4,3,49,4,2,9,2,1,2,0,0,2,7,0
48,STRĂINĂTATE,FRANȚA,LYON,"LYON - FRANȚA",84,Europarlamentare,0,0,0,1531,0,0,1531,2000,468,1524,6,"NUMARUL DE BULETINE DE VOT GASITE IN URNA ESTE CU 1(UNU) MAI PUTIN DECAT NUMARUL ALEGATORILOR CARE AU VOTAT. NUMARUL DE BULETINE DE VOT GASITE IN URNA ADUNAT CU CEL AL BULETINELOR DE VOT NEINTREBUINTATE SI ANULATE ESTE CU 2 (DOI) MAI PUTIN DECAT NUMARUL TOTAL DE BULETINE DE VOT PRIMITE.",INTACTE,37,874,32,18,368,16,14,65,8,1,5,11,2,15,43,15
48,STRĂINĂTATE,FRANȚA,STRASBOURG,"STRASBOURG - FRANȚA",85,Europarlamentare,0,0,0,1212,0,0,1212,2000,785,1203,9,0,INTACTE,24,616,12,14,344,19,7,79,5,0,7,7,1,15,26,27
48,STRĂINĂTATE,FRANȚA,MARSILIA,"MARSILIA - FRANȚA",86,Europarlamentare,0,0,0,916,0,0,916,4000,3084,906,10,"NU AU EXISTAT",INTACTA,12,420,21,8,309,20,4,51,4,1,3,8,2,13,22,8
48,STRĂINĂTATE,FRANȚA,NISA,"NISA - FRANȚA",87,Europarlamentare,0,0,0,1497,0,0,1497,3973,2476,1480,17,0,BUNA,15,818,26,11,378,21,8,94,11,4,12,11,1,15,39,16
48,STRĂINĂTATE,FRANȚA,TOULOUSE,"TOULOUSE - FRANȚA",88,Europarlamentare,0,0,0,712,0,0,712,4000,3288,707,5,0,INTACTE,2,376,17,9,199,13,9,37,4,1,5,4,3,5,17,6
48,STRĂINĂTATE,FRANȚA,PARIS,"PARIS - FRANȚA",89,Europarlamentare,0,0,0,1230,0,0,1230,4000,2770,1218,12,"FARA INCIDENTE",INTACTE,19,703,20,6,285,16,7,82,3,0,11,7,4,10,19,26
48,STRĂINĂTATE,FRANȚA,PARIS,"PARIS - FRANȚA",90,Europarlamentare,0,0,0,1584,0,0,1584,4000,2416,1575,9,"- nu a fost cazul;","- intacte;",21,837,24,7,417,14,10,119,8,4,5,7,6,19,27,50
48,STRĂINĂTATE,FRANȚA,PARIS,"PARIS - FRANȚA",91,Europarlamentare,0,0,0,1518,0,0,1518,4000,2478,1512,6,"NU E APLICABIL",INTACTA,25,778,31,11,417,24,8,102,10,1,6,8,1,20,43,27
48,STRĂINĂTATE,FRANȚA,PARIS,"PARIS - FRANȚA",92,Europarlamentare,0,0,0,1254,0,0,1254,4000,2746,1254,0,0,0,21,683,25,9,298,23,7,104,6,1,5,9,3,7,36,17
48,STRĂINĂTATE,FRANȚA,ARCUEIL,"ARCUEIL - FRANȚA",93,Europarlamentare,0,0,0,1395,0,0,1395,4000,2605,1389,6,"NU E CAZUL",INTACTA,17,679,24,6,427,11,8,91,5,1,8,5,2,13,18,74
48,STRĂINĂTATE,FRANȚA,PANTIN,"PANTIN - FRANȚA",94,Europarlamentare,0,0,0,1840,0,0,1840,4000,2160,1820,20,"NU AU FOST FORMULATE CONTESTATII INSA SITUATIA PUNCTUALA A SECTIEI DE VOTARE A FOST CU TIMPUL DE ASTEPTARE PENTRU AVOTA DE  PANA LA 6 ORE  A FOST ADUSA LA CUNOSTINTA BES IN SCRIS",INTACTA,13,745,27,14,699,16,10,153,4,3,5,15,5,11,40,60
48,STRĂINĂTATE,FRANȚA,"LE BLANC MESNIL","LE BLANC MESNIL - FRANȚA",95,Europarlamentare,0,0,0,1981,0,0,1981,4000,2019,1961,20,0,PERFECTA,19,727,24,12,867,24,7,171,17,2,8,16,7,10,32,18
48,STRĂINĂTATE,FRANȚA,TRAPPES,"TRAPPES - FRANȚA",96,Europarlamentare,0,0,0,1369,0,0,1369,4000,2631,1358,11,0,0,15,689,17,15,415,17,3,93,7,4,10,9,5,15,25,19
48,STRĂINĂTATE,FRANȚA,BORDEAUX,"BORDEAUX - FRANȚA",97,Europarlamentare,0,0,0,1122,0,0,1122,4000,2872,1116,6,0,0,18,476,35,12,417,13,3,51,5,3,12,9,3,11,39,9
48,STRĂINĂTATE,FRANȚA,LILLE,"LILLE - FRANȚA",98,Europarlamentare,0,0,0,1859,0,0,1859,4000,2141,1833,26,"NU AU FOST FORMULATE CONTESTATII","STARE FOARTE BUNA",21,970,47,24,439,22,5,105,12,5,20,9,4,36,58,56
48,STRĂINĂTATE,FRANȚA,NANTES,"NANTES - FRANȚA",99,Europarlamentare,0,0,0,1240,0,0,1240,4000,2760,1225,12,NU,BUNA,16,524,47,10,395,26,10,96,6,0,17,8,1,19,34,16
48,STRĂINĂTATE,FRANȚA,RENNES,"RENNES - FRANȚA",100,Europarlamentare,0,0,0,869,0,0,869,4000,3131,858,11,N/A,OPTIMA,19,404,16,6,277,12,3,40,5,2,5,4,4,27,27,7
48,STRĂINĂTATE,GEORGIA,TBILISI,"TBILISI - GEORGIA",101,Europarlamentare,0,0,0,79,0,0,79,100,21,79,0,-,INTACTA,2,58,5,0,7,3,1,2,0,0,0,0,0,0,1,0
48,STRĂINĂTATE,GERMANIA,STUTTGART,"STUTTGART - GERMANIA",102,Europarlamentare,0,0,0,1330,0,0,1330,4000,2669,1317,9,0,0,5,596,19,19,474,12,8,73,3,0,8,6,1,7,49,37
48,STRĂINĂTATE,GERMANIA,STUTTGART,"STUTTGART - GERMANIA",103,Europarlamentare,0,0,0,1111,0,0,1111,4000,2889,1103,8,"NU E CAZUL",INTACT,7,482,25,8,385,8,3,63,4,2,6,7,2,15,35,51
48,STRĂINĂTATE,GERMANIA,KARLSRUHE,"KARLSRUHE - GERMANIA",104,Europarlamentare,0,0,0,1908,0,0,1908,4000,2092,1897,11,"NU E CAZUL",INTACTA,15,826,30,38,665,29,5,123,8,3,14,13,5,24,72,27
48,STRĂINĂTATE,GERMANIA,ULM,"ULM - GERMANIA",105,Europarlamentare,0,0,0,1500,0,0,1500,4000,2502,1481,17,0,NEALTEREATE,7,760,33,19,485,12,4,79,4,2,8,6,6,19,24,13
48,STRĂINĂTATE,GERMANIA,"FREIBURG IM BREISGAU","FREIBURG IM BREISGAU - GERMANIA",106,Europarlamentare,0,0,0,1680,0,0,1680,4000,2320,1676,4,0,INTACTE.,11,691,23,13,603,18,6,95,15,0,11,11,2,19,60,98
48,STRĂINĂTATE,GERMANIA,MÜNCHEN,"MÜNCHEN - GERMANIA",107,Europarlamentare,0,0,0,1630,0,0,1630,4000,2370,1614,16,0,0,12,815,18,13,534,25,7,69,4,2,21,5,6,14,42,27
48,STRĂINĂTATE,GERMANIA,MÜNCHEN,"MÜNCHEN - GERMANIA",108,Europarlamentare,0,0,0,1713,0,0,1713,4000,2287,1691,22,"NU ESTE CAZUL.",INTACTE,20,871,32,18,536,21,6,73,2,1,13,5,1,20,40,32
48,STRĂINĂTATE,GERMANIA,NÜRNBERG,"NÜRNBERG - GERMANIA",109,Europarlamentare,0,0,0,1726,0,0,1726,4000,2274,1712,14,0,INTACTA,10,613,39,30,678,25,9,110,16,1,22,12,1,24,56,66
48,STRĂINĂTATE,GERMANIA,NÜRNBERG,"NÜRNBERG - GERMANIA",110,Europarlamentare,0,0,0,1747,0,0,1747,4000,28,1719,0,"FARA CONTESTATII",INTACTA,22,670,23,38,716,16,5,86,4,5,12,12,2,26,44,38
48,STRĂINĂTATE,GERMANIA,WÜRZBURG,"WÜRZBURG - GERMANIA",111,Europarlamentare,0,0,0,1611,0,0,1611,4000,2394,1599,7,"NU AU FOST",INTACTE,21,614,32,14,655,20,1,108,5,0,7,9,2,28,58,25
48,STRĂINĂTATE,GERMANIA,REGENSBURG,"REGENSBURG - GERMANIA",112,Europarlamentare,0,0,0,2035,0,0,2035,4000,1786,2015,13,FARA,INTACTE,17,825,56,39,756,19,10,88,6,3,14,18,6,17,62,79
48,STRĂINĂTATE,GERMANIA,INGOLSTADT,"INGOLSTADT - GERMANIA",113,Europarlamentare,0,0,0,1371,0,0,1371,4000,2629,1355,16,0,INTACTA,11,632,20,22,475,19,3,50,2,0,9,10,0,20,37,45
48,STRĂINĂTATE,GERMANIA,AUGSBURG,"AUGSBURG - GERMANIA",114,Europarlamentare,0,0,0,1849,0,0,1849,4000,2151,1849,0,0,0,13,897,45,18,623,31,7,101,8,5,18,19,2,14,29,19
48,STRĂINĂTATE,GERMANIA,BERLIN,"BERLIN - GERMANIA",115,Europarlamentare,0,0,0,1626,0,0,1626,4000,2374,1609,17,0,0,18,922,27,13,406,25,7,92,8,3,11,6,5,15,37,14
48,STRĂINĂTATE,GERMANIA,BERLIN,"BERLIN - GERMANIA",116,Europarlamentare,0,0,0,1566,0,0,1566,4000,2434,1548,18,0,0,24,900,26,20,363,16,9,90,3,3,8,8,2,25,37,14
48,STRĂINĂTATE,GERMANIA,HAMBURG,"HAMBURG - GERMANIA",117,Europarlamentare,0,0,0,2170,0,0,2170,4000,1843,2130,7,"NU ESTE CAZUL",INTACTA,18,1085,31,14,709,26,5,96,8,5,16,10,1,30,46,30
48,STRĂINĂTATE,GERMANIA,LEIPZIG,"LEIPZIG - GERMANIA",118,Europarlamentare,0,0,0,1514,0,0,1514,4000,2486,1496,18,0,0,22,582,31,21,596,34,3,86,6,2,8,6,0,17,48,34
48,STRĂINĂTATE,GERMANIA,WOLFSBURG,"WOLFSBURG - GERMANIA",119,Europarlamentare,0,0,0,1574,0,0,1574,4001,2427,1569,5,0,OK,15,705,38,16,477,33,3,109,8,4,9,13,3,33,51,52
48,STRĂINĂTATE,GERMANIA,BONN,"BONN - GERMANIA",120,Europarlamentare,0,0,0,1035,0,0,1035,4000,2965,1027,8,0,BUNA,21,445,9,11,346,20,0,76,4,2,16,8,2,9,31,27
48,STRĂINĂTATE,GERMANIA,BONN,"BONN - GERMANIA",121,Europarlamentare,0,0,0,1354,0,0,1354,4000,2646,1333,21,0,BUNE,17,584,32,18,441,16,4,81,16,0,20,13,3,7,36,45
48,STRĂINĂTATE,GERMANIA,KÖLN,"KÖLN - GERMANIA",122,Europarlamentare,0,0,0,937,0,0,937,4000,3068,918,14,BUNA,BUNA,12,479,30,8,257,13,5,52,3,2,9,6,3,5,23,11
48,STRĂINĂTATE,GERMANIA,DÜSSELDORF,"DÜSSELDORF - GERMANIA",123,Europarlamentare,0,0,0,1011,0,0,1011,4000,2989,996,15,0,INTACTE,11,486,14,9,297,8,8,84,2,0,7,5,0,13,31,21
48,STRĂINĂTATE,GERMANIA,"OFFENBACH AM MAIN","OFFENBACH AM MAIN - GERMANIA",124,Europarlamentare,0,0,0,1822,0,0,1822,4000,2178,1811,10,"SITUATIE TENSIONATA IN CARE S-A DESFASURAT PROCESUL ELECTORAL A DUS LA ESCALADAREA UNOR EVENIMENTE NEDORITE IN SECTIA DE VOTARE",INTACTE,11,831,37,32,643,26,7,88,8,2,12,17,5,12,52,28
48,STRĂINĂTATE,GERMANIA,BOCHUM,"BOCHUM - GERMANIA",125,Europarlamentare,0,0,0,1314,0,0,1314,4000,2686,1306,8,0,INTACTA,16,499,34,9,533,15,3,73,7,1,11,13,1,15,55,21
48,STRĂINĂTATE,GERMANIA,"NEUSTADT AN DER WEINSTRASSE","NEUSTADT AN DER WEINSTRASSE - GERMANIA",126,Europarlamentare,0,0,0,1484,0,0,1484,4000,2516,1475,9,BUN,BUNA,7,657,33,19,542,16,3,84,12,1,12,12,6,14,29,28
48,STRĂINĂTATE,GRECIA,ATENA,"ATENA - GRECIA",127,Europarlamentare,0,0,0,1491,0,0,1491,5000,3509,1478,9,0,BUNA,34,582,30,7,524,16,7,121,6,8,7,4,11,13,57,51
48,STRĂINĂTATE,GRECIA,SALONIC,"SALONIC - GRECIA",128,Europarlamentare,0,0,0,572,0,0,572,2000,1428,569,3,0,0,18,306,16,6,122,10,7,48,1,0,5,3,0,4,15,8
48,STRĂINĂTATE,GRECIA,PATRA,"PATRA - GRECIA",129,Europarlamentare,0,0,0,149,0,0,149,2000,1851,148,1,0,0,6,67,6,1,44,2,1,7,4,5,3,0,0,1,1,0
48,STRĂINĂTATE,GRECIA,CRETA,"CRETA - GRECIA",130,Europarlamentare,0,0,0,338,0,0,338,2000,1662,323,15,0,0,11,128,8,1,127,8,0,14,4,0,7,0,1,4,7,3
48,STRĂINĂTATE,IORDANIA,AMMAN,"AMMAN - IORDANIA",131,Europarlamentare,0,0,0,176,0,0,176,500,324,173,3,"NU ESTE CAZUL",INTACTA,10,83,6,2,34,13,0,12,0,0,1,1,0,7,3,1
48,STRĂINĂTATE,INDIA,"NEW DELHI","NEW DELHI - INDIA",132,Europarlamentare,0,0,0,31,0,0,31,501,470,31,0,0,INTACTE,2,21,1,0,6,0,0,0,0,0,0,0,0,0,1,0
48,STRĂINĂTATE,"REPUBLICA INDONEZIA",JAKARTA,"JAKARTA - REPUBLICA INDONEZIA",133,Europarlamentare,0,0,0,20,0,0,20,200,180,20,0,0,0,4,9,0,0,2,0,0,4,1,0,0,0,0,0,0,0
48,STRĂINĂTATE,IRLANDA,DUBLIN,"DUBLIN - IRLANDA",134,Europarlamentare,0,0,0,1259,0,0,1259,3997,2738,1245,14,0,0,7,674,19,12,384,7,1,48,9,0,9,6,3,10,38,18
48,STRĂINĂTATE,IRLANDA,DUBLIN,"DUBLIN - IRLANDA",135,Europarlamentare,0,0,0,1547,0,0,1547,4000,2466,1515,14,0,0,8,798,24,15,472,12,4,56,7,1,7,8,0,6,37,60
48,STRĂINĂTATE,IRLANDA,CORK,"CORK - IRLANDA",136,Europarlamentare,0,0,0,590,0,0,590,3000,2410,582,8,"NU EXISTA",INTACTE,6,332,11,5,130,7,7,34,2,0,5,7,3,7,15,11
48,STRĂINĂTATE,IRLANDA,GALWAY,"GALWAY - IRLANDA",137,Europarlamentare,0,0,0,567,0,0,567,3000,2432,558,9,0,0,8,299,12,3,133,2,5,30,0,3,4,4,1,14,18,22
48,STRĂINĂTATE,IRLANDA,LIMERICK,"LIMERICK - IRLANDA",138,Europarlamentare,0,0,0,1030,0,0,1030,3000,1970,1013,17,0,0,5,534,12,5,278,17,1,65,4,6,7,3,2,9,18,47
48,STRĂINĂTATE,ISRAEL,"TEL AVIV","TEL AVIV - ISRAEL",139,Europarlamentare,0,0,0,504,0,0,504,3000,2496,498,6,"S-A INTOCMIT PROCES VERBAL PENTRU UN CETATEAN CARE AVEA PASAPORTUL EXPIRAT STANGACIU MARCEL CNP 17111103343233 ESTE INREGISTRAT IN SISTEM CA VOTAT DAR NU A VOTAT PRACTIC.","FOARTE BUNA",25,229,21,8,126,11,2,47,4,0,7,1,2,2,9,4
48,STRĂINĂTATE,ISRAEL,"TEL AVIV","TEL AVIV - ISRAEL",140,Europarlamentare,0,0,0,179,0,0,179,3001,2822,178,1,0,Intacta,2,92,12,5,34,4,0,11,1,1,2,5,2,2,1,4
48,STRĂINĂTATE,ISRAEL,IERUSALIM,"IERUSALIM - ISRAEL",141,Europarlamentare,0,0,0,458,0,0,458,3000,2542,446,12,0,Intacta,63,111,28,10,116,26,7,33,0,1,11,5,0,10,13,12
48,STRĂINĂTATE,ISRAEL,HAIFA,"HAIFA - ISRAEL",142,Europarlamentare,0,0,0,198,0,0,198,3000,2802,193,5,"NU EXISTA",INTACTA,11,86,6,5,56,2,0,14,1,1,1,2,0,1,5,2
48,STRĂINĂTATE,ISLANDA,REYKJAVIK,"REYKJAVIK - ISLANDA",143,Europarlamentare,0,0,0,500,0,0,500,500,0,494,6,"NU ESTE CAZUL",INTACTE,10,245,16,4,135,10,5,26,0,2,3,3,1,11,17,6
48,STRĂINĂTATE,ITALIA,ROMA,"ROMA - ITALIA",144,Europarlamentare,0,0,0,1290,0,0,1290,4500,3213,1270,17,0,INTACTE,20,520,22,3,545,14,3,38,5,3,6,5,4,15,47,20
48,STRĂINĂTATE,ITALIA,ROMA,"ROMA - ITALIA",145,Europarlamentare,0,0,0,2195,0,0,2195,4500,2305,2164,31,"DIN CAUZA NUMARULUI MARE DE ALEGATORI CARE S-AU MANIFESTAT PE ALOCURI VIOLENT IN SPATIUL SECTIEI DE VOTARE PUNAND IN PERICOL INTEGRITATEA FIZICA A MEMBRILOR COMISIEI, AM DECIS, LA INSISTENTELE ALEGATORILOR PRELUNGIREA OREI VOTARII PANA CAND TOTI CEI DIN SPATIUL DE VOTARE AU REUSIT SA VOTEZE. ACEST LUCRU A DURAT PANA LA ORELE 23.00.","LA INCHIDEREA VOTARII SIGILIILE ERAU INTACTE.",24,863,32,14,949,12,5,74,8,1,16,10,5,11,95,45
48,STRĂINĂTATE,ITALIA,ROMA,"ROMA - ITALIA",146,Europarlamentare,0,0,0,1888,0,0,1888,4500,2612,1830,58,-,INTACTE,20,655,38,17,796,18,10,82,12,7,14,9,3,14,103,32
48,STRĂINĂTATE,ITALIA,ROMA,"ROMA - ITALIA",147,Europarlamentare,0,0,0,1802,0,0,1802,4501,2707,1773,20,0,0,30,688,27,15,756,8,9,59,7,2,9,11,3,15,82,52
48,STRĂINĂTATE,ITALIA,ROMA,"ROMA - ITALIA",148,Europarlamentare,0,0,0,1161,0,0,1161,4500,3336,1146,9,0,0,15,455,23,9,482,7,9,45,10,2,8,7,3,13,40,18
48,STRĂINĂTATE,ITALIA,LADISPOLI,"LADISPOLI - ITALIA",149,Europarlamentare,0,0,0,1576,0,0,1576,4500,2924,1544,32,0,0,15,517,38,17,718,11,7,82,10,3,9,2,8,13,80,14
48,STRĂINĂTATE,ITALIA,NAPOLI,"NAPOLI - ITALIA",150,Europarlamentare,0,0,0,923,0,0,923,4000,3077,913,10,NU,INTACTE,28,400,32,16,289,17,1,55,2,3,4,7,3,6,28,22
48,STRĂINĂTATE,ITALIA,OLBIA,"OLBIA - ITALIA",151,Europarlamentare,0,0,0,677,0,0,677,4000,3323,666,11,0,INTACTE,16,292,24,5,249,9,7,21,3,3,11,4,1,3,16,2
48,STRĂINĂTATE,ITALIA,PERUGIA,"PERUGIA - ITALIA",152,Europarlamentare,0,0,0,1395,0,0,1395,4000,2605,1361,34,0,INTACTE,32,495,47,10,463,17,11,80,14,2,13,4,5,17,47,104
48,STRĂINĂTATE,ITALIA,PESCARA,"PESCARA - ITALIA",153,Europarlamentare,0,0,0,1320,0,0,1320,4000,2680,1314,6,0,0,19,509,33,7,531,17,3,68,9,2,10,15,1,23,39,28
48,STRĂINĂTATE,ITALIA,TERNI,"TERNI - ITALIA",154,Europarlamentare,0,0,0,1066,0,0,1066,4000,2934,1023,43,"NIMIC DE SEMNALATL",BUNA,15,305,45,11,345,8,7,53,4,2,13,4,3,22,131,55
48,STRĂINĂTATE,ITALIA,VITERBO,"VITERBO - ITALIA",155,Europarlamentare,0,0,0,1474,0,0,1474,4000,2526,1466,8,"NU AU FOST",INTACTA,25,448,34,9,703,13,16,66,2,3,9,11,5,18,66,38
48,STRĂINĂTATE,ITALIA,TRIESTE,"TRIESTE - ITALIA",156,Europarlamentare,0,0,0,958,0,0,958,3999,3041,940,18,0,0,23,353,34,15,335,13,15,69,8,4,12,11,3,16,20,9
48,STRĂINĂTATE,ITALIA,VENEȚIA,"VENEȚIA - ITALIA",157,Europarlamentare,0,0,0,1199,0,0,1199,4000,2801,1182,17,"NU S-AU FORMULAT CONTESTATII.",INTACTA,36,506,28,9,377,16,5,87,6,0,11,14,3,23,44,17
48,STRĂINĂTATE,ITALIA,UDINE,"UDINE - ITALIA",158,Europarlamentare,0,0,0,1247,0,0,1247,4000,2753,1230,16,"NUMARUL DE SEMNATURI ESTE 1247, NR DE BULETINE 1246 - CAUZA CETATEAN CARE S-A PREZENTAT CU UN BULETIN DE VOT AL UNEI ALTE PERSOANE DINTR-O EROARE. S-A INTOCMIT PROCES VERBAL CONTRASEMNAT DE TOTI MEMBRII BIROULUI ELECTORAL.",INTACTA,20,516,29,8,442,13,8,64,6,1,12,7,1,13,21,69
48,STRĂINĂTATE,ITALIA,PORDENONE,"PORDENONE - ITALIA",159,Europarlamentare,0,0,0,1426,0,0,1426,4000,2574,1410,16,0,0,19,604,29,13,474,15,8,84,6,3,13,5,3,21,46,67
48,STRĂINĂTATE,ITALIA,TREVISO,"TREVISO - ITALIA",160,Europarlamentare,0,0,0,1208,0,0,1208,4000,2792,1191,17,"NIMIC DE SEMNALAT",PERFECTA,9,606,27,12,356,8,3,64,3,3,14,6,2,6,53,19
48,STRĂINĂTATE,ITALIA,PADOVA,"PADOVA - ITALIA",161,Europarlamentare,0,0,0,1816,0,0,1816,4000,2184,1801,15,0,INTACTA,21,827,31,22,665,15,6,84,6,8,13,15,4,10,44,30
48,STRĂINĂTATE,ITALIA,VICENZA,"VICENZA - ITALIA",162,Europarlamentare,0,0,0,1162,0,0,1162,3000,1838,1138,24,0,0,10,564,23,19,355,12,7,64,23,2,5,8,1,15,26,4
48,STRĂINĂTATE,ITALIA,VERONA,"VERONA - ITALIA",163,Europarlamentare,0,0,0,1717,0,0,1717,3000,1283,1701,13,0,0,30,665,44,20,600,24,9,121,13,6,24,14,4,20,53,54
48,STRĂINĂTATE,ITALIA,"VALEGGIO SUL MINCIO","VALEGGIO SUL MINCIO - ITALIA",164,Europarlamentare,0,0,0,1391,0,0,1391,3000,1609,1372,19,"NUMARUL DE BULETINE NON UTILIZATE AU FOST ANULATE SI VOR FI PREDATE CONSULATULUI",INTACTE,15,662,36,8,454,10,3,64,11,6,5,6,3,22,44,23
48,STRĂINĂTATE,ITALIA,BARI,"BARI - ITALIA",165,Europarlamentare,0,0,0,668,0,0,668,4000,3332,651,17,0,0,22,319,30,21,179,9,1,17,7,2,7,5,3,5,22,2
48,STRĂINĂTATE,ITALIA,FOGGIA,"FOGGIA - ITALIA",166,Europarlamentare,0,0,0,419,0,0,419,3001,2582,401,18,0,0,13,129,13,3,193,6,0,13,4,0,6,3,0,4,11,3
48,STRĂINĂTATE,ITALIA,LECCE,"LECCE - ITALIA",167,Europarlamentare,0,0,0,260,0,0,260,3000,2740,256,4,"NU AU EXISTAT CONTESTATII","IN REGULA",18,97,7,2,58,5,2,50,3,0,0,2,0,0,10,2
48,STRĂINĂTATE,ITALIA,TARANTO,"TARANTO - ITALIA",168,Europarlamentare,0,0,0,166,0,0,166,3000,2834,160,6,0,0,7,51,12,1,54,4,0,8,2,0,3,2,0,2,13,1
48,STRĂINĂTATE,ITALIA,COSENZA,"COSENZA - ITALIA",169,Europarlamentare,0,0,0,341,0,0,341,3001,2660,330,11,0,INTACT,11,98,22,3,139,5,7,26,4,3,2,2,1,1,5,1
48,STRĂINĂTATE,ITALIA,"REGGIO CALABRIA","REGGIO CALABRIA - ITALIA",170,Europarlamentare,0,0,0,325,0,0,325,3000,2675,320,5,"NU ESTE CAZUL",INTACTE,7,101,20,0,125,3,3,17,1,5,4,4,0,6,17,7
48,STRĂINĂTATE,ITALIA,CROTONE,"CROTONE - ITALIA",171,Europarlamentare,0,0,0,113,0,0,113,3001,2888,111,2,0,0,10,17,16,0,49,0,3,7,2,0,1,0,0,1,5,0
48,STRĂINĂTATE,ITALIA,CATANZARO,"CATANZARO - ITALIA",172,Europarlamentare,0,0,0,173,0,0,173,3000,2827,169,4,0,INTACT,4,91,5,1,52,1,0,2,5,0,0,3,0,1,3,1
48,STRĂINĂTATE,ITALIA,POTENZA,"POTENZA - ITALIA",173,Europarlamentare,0,0,0,159,0,0,159,3000,2841,155,4,"NU ESTE CAZUL.",INTACTA,10,43,5,1,71,1,2,6,2,0,2,1,0,0,9,2
48,STRĂINĂTATE,ITALIA,CAMPOBASSO,"CAMPOBASSO - ITALIA",174,Europarlamentare,0,0,0,143,0,0,143,3001,2858,136,7,0,INTACTE,4,55,5,1,49,6,0,6,1,1,0,2,1,2,2,1
48,STRĂINĂTATE,ITALIA,BOLOGNA,"BOLOGNA - ITALIA",175,Europarlamentare,0,0,0,1309,0,0,1309,4001,2692,1299,10,-,BUNA,14,587,30,13,456,13,5,83,11,3,6,10,2,17,36,13
48,STRĂINĂTATE,ITALIA,BOLOGNA,"BOLOGNA - ITALIA",176,Europarlamentare,0,0,0,1057,0,0,1057,4000,2943,999,58,0,0,18,370,23,18,428,3,5,46,6,3,10,10,2,6,36,15
48,STRĂINĂTATE,ITALIA,PIACENZA,"PIACENZA - ITALIA",177,Europarlamentare,0,0,0,931,0,0,931,3500,2569,916,15,0,0,10,317,28,5,347,12,0,70,0,0,2,5,1,14,55,50
48,STRĂINĂTATE,ITALIA,PARMA,"PARMA - ITALIA",178,Europarlamentare,0,0,0,994,0,0,994,3500,2506,980,14,"NU AU FOST INREGISTRATE CONTESTATII","IN STARE PERFECTA",9,412,24,4,317,10,2,96,2,0,7,3,0,11,58,25
48,STRĂINĂTATE,ITALIA,RAVENNA,"RAVENNA - ITALIA",179,Europarlamentare,0,0,0,1070,0,0,1070,3500,2430,1059,11,0,0,13,478,32,9,400,7,4,35,8,1,11,7,0,14,30,10
48,STRĂINĂTATE,ITALIA,RIMINI,"RIMINI - ITALIA",180,Europarlamentare,0,0,0,1535,0,0,1535,3500,1965,1526,9,0,0,28,700,26,9,433,21,4,76,9,3,20,10,7,16,139,25
48,STRĂINĂTATE,ITALIA,ANCONA,"ANCONA - ITALIA",181,Europarlamentare,0,0,0,1175,0,0,1175,3500,2325,1160,15,"NU A FOST CAZUL",INTACTE,24,487,28,7,423,7,13,68,11,1,11,14,2,7,48,9
48,STRĂINĂTATE,ITALIA,PRATO,"PRATO - ITALIA",182,Europarlamentare,0,0,0,1483,0,0,1483,3500,2017,1436,47,0,0,22,775,26,17,402,14,4,66,16,2,13,14,0,8,36,21
48,STRĂINĂTATE,ITALIA,AREZZO,"AREZZO - ITALIA",183,Europarlamentare,0,0,0,1528,0,0,1528,3500,1972,1488,40,"NU ESTE CAZUL",INTACTE,28,671,37,8,544,18,7,61,12,8,14,11,5,5,54,5
48,STRĂINĂTATE,ITALIA,GROSSETO,"GROSSETO - ITALIA",184,Europarlamentare,0,0,0,804,0,0,804,3501,2697,791,13,-,INTACTE,17,274,32,8,301,15,2,48,8,5,14,13,1,15,25,13
48,STRĂINĂTATE,ITALIA,SIENA,"SIENA - ITALIA",185,Europarlamentare,0,0,0,697,0,0,697,3500,2803,690,7,NICIUNA,"FOARTE BUNA",16,266,23,6,273,13,5,32,8,2,5,3,2,12,20,4
48,STRĂINĂTATE,ITALIA,PISA,"PISA - ITALIA",186,Europarlamentare,0,0,0,1277,0,0,1277,3500,2324,1150,26,0,"FOARTE BUNA",13,468,21,17,448,9,4,64,8,4,7,8,3,12,28,36
48,STRĂINĂTATE,ITALIA,MODENA,"MODENA - ITALIA",187,Europarlamentare,0,0,0,1321,0,0,1321,3500,2179,1305,16,"NU AU FOST",BUNA,19,655,29,11,384,16,5,79,5,3,8,7,3,10,47,24
48,STRĂINĂTATE,ITALIA,CATANIA,"CATANIA - ITALIA",188,Europarlamentare,0,0,0,860,0,0,860,3500,2640,832,28,"NU AM AVUT",INTACTE,21,309,38,20,277,24,9,37,4,4,10,10,1,12,38,18
48,STRĂINĂTATE,ITALIA,PALERMO,"PALERMO - ITALIA",189,Europarlamentare,0,0,0,625,0,0,625,3500,2875,611,14,"NU AU EXUSTAT",BUNA,17,233,30,8,165,13,4,33,5,1,6,8,2,19,55,12
48,STRĂINĂTATE,ITALIA,VITTORIA,"VITTORIA - ITALIA",190,Europarlamentare,0,0,0,532,0,0,532,3500,2968,525,7,"NU ESTE CAZUL",BUNA,10,124,18,5,178,12,1,84,3,4,8,7,2,28,35,6
48,STRĂINĂTATE,ITALIA,MILANO,"MILANO - ITALIA",191,Europarlamentare,0,0,0,1401,0,0,1401,3500,2099,1369,32,"LA ORA 21 AM INCHIS SECTIA DE VOTARE, MOMENT IN CARE CEI 30-40 DE CETATENI CARE NU AU REUSIT SA VOTEZE AU INVADAT INCINTA SECTIEI DEVENIND AGRESIVI VERBAL SI REFUZAND SA PARASEASCA SECTIA. LA ORA 22,10 AM REUSIT EVACUAREA CELOR DIN INCINTA SECTIEI SI AM TRECUT LA NR. VOTURILOR.","SIGILIILE ERAU INTACTE.",29,602,32,10,481,17,7,93,11,4,16,6,5,22,19,15
48,STRĂINĂTATE,ITALIA,MILANO,"MILANO - ITALIA",192,Europarlamentare,0,0,0,1068,0,0,1068,3500,2432,1042,26,"NIMIC DE SEMNALAT",BUNA,20,506,26,7,330,15,3,46,4,3,6,10,3,16,28,19
48,STRĂINĂTATE,ITALIA,BRESCIA,"BRESCIA - ITALIA",193,Europarlamentare,0,0,0,1330,0,0,1330,3500,2170,1318,12,LL,0,9,593,30,4,499,7,2,74,5,2,17,6,0,10,50,10
48,STRĂINĂTATE,ITALIA,PAVIA,"PAVIA - ITALIA",194,Europarlamentare,0,0,0,1252,0,0,1252,3500,2248,1232,20,0,0,19,437,37,16,515,22,5,89,12,4,12,10,5,6,20,23
48,STRĂINĂTATE,ITALIA,BERGAMO,"BERGAMO - ITALIA",195,Europarlamentare,0,0,0,1721,0,0,1721,3500,1800,1659,41,0,0,17,768,44,20,557,18,5,90,4,6,14,4,4,15,43,50
48,STRĂINĂTATE,ITALIA,MONZA,"MONZA - ITALIA",196,Europarlamentare,0,0,0,1745,0,0,1745,3500,1755,1739,6,0,0,23,784,35,19,629,10,13,101,10,1,14,7,6,26,46,15
48,STRĂINĂTATE,ITALIA,CREMONA,"CREMONA - ITALIA",197,Europarlamentare,0,0,0,1257,0,0,1257,3500,2244,1222,34,"NU AU EXISTAT",EXCELENT,27,443,37,15,504,15,13,64,5,4,14,18,11,11,24,17
48,STRĂINĂTATE,ITALIA,TRENTO,"TRENTO - ITALIA",198,Europarlamentare,0,0,0,1637,0,0,1637,3500,1863,1595,42,0,0,27,698,25,14,540,23,8,125,7,3,14,14,6,4,39,48
48,STRĂINĂTATE,ITALIA,MANTOVA,"MANTOVA - ITALIA",199,Europarlamentare,0,0,0,1067,0,0,1067,3500,2433,1052,15,0,0,20,431,28,11,377,6,3,59,9,0,17,8,4,15,34,30
48,STRĂINĂTATE,ITALIA,LODI,"LODI - ITALIA",200,Europarlamentare,0,0,0,1186,0,0,1186,3500,2314,1165,21,0,0,19,477,50,7,438,11,6,68,8,2,9,9,2,13,31,15
48,STRĂINĂTATE,ITALIA,COMO,"COMO - ITALIA",201,Europarlamentare,0,0,0,1156,0,0,1156,3500,2344,1129,27,-,"SIGILII INTACTE",28,489,27,17,417,15,6,63,4,3,6,6,2,12,28,6
48,STRĂINĂTATE,ITALIA,VARESE,"VARESE - ITALIA",202,Europarlamentare,0,0,0,712,0,0,712,3500,2788,697,15,"MENTIUNI: DIN GRESEALA S-AU INSCRIS IN MINUS PE LISTELE PARLAMENTULUI EUROPEAN, 4 VOTANTI CARE AU FOST INSCRISI IN LISTELE PENTRU REFERENDUM","FARA PROBLEME",14,349,14,3,232,12,1,23,3,2,3,3,4,6,23,5
48,STRĂINĂTATE,ITALIA,TORINO,"TORINO - ITALIA",203,Europarlamentare,0,0,0,1527,0,0,1527,4000,2473,1504,22,"NU AU FOST CONTESTATII",INTACTE,36,605,37,13,533,25,12,76,13,2,14,23,5,12,64,34
48,STRĂINĂTATE,ITALIA,TORINO,"TORINO - ITALIA",204,Europarlamentare,0,0,0,1210,0,0,1210,4000,2790,1187,19,0,BUNA,23,510,18,8,425,10,5,59,13,3,12,16,3,20,33,29
48,STRĂINĂTATE,ITALIA,TORINO,"TORINO - ITALIA",205,Europarlamentare,0,0,0,1498,0,0,1498,4000,2502,1488,10,"Nu au existat.",PERFECTA,28,605,27,13,558,16,9,84,18,4,16,11,5,20,44,30
48,STRĂINĂTATE,ITALIA,MONCALIERI,"MONCALIERI - ITALIA",206,Europarlamentare,0,0,0,1613,0,0,1613,4000,2387,1570,26,AGLOMERATIE.,INTACTA,20,806,35,12,509,11,8,78,12,2,8,5,11,16,31,6
48,STRĂINĂTATE,ITALIA,CHIERI,"CHIERI - ITALIA",207,Europarlamentare,0,0,0,1047,0,0,1047,4000,2953,1032,15,"NU A FOST CAZUL",INTACTE,15,493,23,14,353,10,2,49,7,1,14,7,1,10,20,13
48,STRĂINĂTATE,ITALIA,IVREA,"IVREA - ITALIA",208,Europarlamentare,0,0,0,1000,0,0,1000,4000,3000,992,6,"NU AU FOST CONTESTATII",INTACTA,14,444,22,8,334,13,8,64,5,2,7,5,0,18,40,8
48,STRĂINĂTATE,ITALIA,ALESSANDRIA,"ALESSANDRIA - ITALIA",209,Europarlamentare,0,0,0,1328,0,0,1328,4000,72,1306,22,NICIUNA,INTACTA,17,552,35,12,482,11,5,76,9,1,12,10,1,20,42,21
48,STRĂINĂTATE,ITALIA,ASTI,"ASTI - ITALIA",210,Europarlamentare,0,0,0,936,0,0,936,4000,3064,923,13,0,INTACTA,19,373,30,7,323,13,3,38,4,2,7,14,3,10,23,54
48,STRĂINĂTATE,ITALIA,NOVARA,"NOVARA - ITALIA",211,Europarlamentare,0,0,0,723,0,0,723,4000,3277,715,8,"FARA CONTESTATII",INTACTE,24,294,25,4,246,8,1,51,3,1,7,8,2,7,31,3
48,STRĂINĂTATE,ITALIA,VERBANIA,"VERBANIA - ITALIA",212,Europarlamentare,0,0,0,283,0,0,283,4000,3717,281,2,"NU ESTE CAZUL",INTACTE,17,98,13,2,77,12,15,10,2,1,3,1,2,17,7,4
48,STRĂINĂTATE,ITALIA,VERCELLI,"VERCELLI - ITALIA",213,Europarlamentare,0,0,0,658,0,0,658,4000,3342,652,6,"NU AU FOST.",INTACTA.,10,246,28,3,234,14,1,49,5,1,17,11,2,5,21,5
48,STRĂINĂTATE,ITALIA,CUNEO,"CUNEO - ITALIA",214,Europarlamentare,0,0,0,890,0,0,890,4000,3110,869,21,0,0,12,338,21,12,348,10,3,32,12,2,9,8,5,10,40,7
48,STRĂINĂTATE,ITALIA,ALBA,"ALBA - ITALIA",215,Europarlamentare,0,0,0,1177,0,0,1177,3994,2817,1152,25,0,0,25,463,42,11,413,26,10,62,5,4,24,21,2,16,21,7
48,STRĂINĂTATE,ITALIA,GENOVA,"GENOVA - ITALIA",216,Europarlamentare,0,0,0,927,0,0,927,3999,3072,915,12,0,INTACTE,14,404,28,5,288,10,3,57,6,4,11,12,2,21,40,10
48,STRĂINĂTATE,ITALIA,SANREMO,"SANREMO - ITALIA",217,Europarlamentare,0,0,0,811,0,0,811,4000,3189,806,5,0,INTACTA,24,307,40,7,287,13,3,47,7,0,7,11,1,10,24,18
48,STRĂINĂTATE,ITALIA,"LA SPEZIA","LA SPEZIA - ITALIA",218,Europarlamentare,0,0,0,1269,0,0,1269,4000,2731,1254,15,"NU A FOST CAZUL",INTACTE,27,475,36,21,457,18,11,90,7,10,15,16,7,14,42,8
48,STRĂINĂTATE,ITALIA,AOSTA,"AOSTA - ITALIA",219,Europarlamentare,0,0,0,547,0,0,547,4000,54,534,12,"NU E  CAZUL",0,12,239,19,5,180,4,1,27,3,1,7,9,1,7,13,6
48,STRĂINĂTATE,IRAK,BAGDAD,"BAGDAD - IRAK",220,Europarlamentare,0,0,0,25,0,0,25,200,175,25,0,"NU ESTE CAZUL",INTACTE,3,11,5,0,2,0,1,3,0,0,0,0,0,0,0,0
48,STRĂINĂTATE,IRAK,ERBIL,"ERBIL - IRAK",221,Europarlamentare,0,0,0,31,0,0,31,200,169,28,3,0,BUNA,2,11,2,0,5,0,0,2,0,0,0,3,0,1,1,1
48,STRĂINĂTATE,IRAN,TEHERAN,"TEHERAN - IRAN",222,Europarlamentare,0,0,0,36,0,0,36,200,164,36,0,"NU A FOST CAZUL.","FOARTE BUNA",1,23,3,0,6,1,0,1,0,0,0,0,0,0,1,0
48,STRĂINĂTATE,JAPONIA,TOKYO,"TOKYO - JAPONIA",223,Europarlamentare,0,0,0,305,0,0,305,502,197,299,6,0,INTACTA,3,227,8,7,29,6,0,5,0,0,2,3,1,3,1,4
48,STRĂINĂTATE,KAZAHSTAN,NUR-SULTAN,"NUR-SULTAN - KAZAHSTAN",224,Europarlamentare,0,0,0,24,0,0,24,200,176,22,2,0,0,0,13,2,0,2,2,1,1,0,0,0,0,0,1,0,0
48,STRĂINĂTATE,KENYA,NAIROBI,"NAIROBI - KENYA",225,Europarlamentare,0,0,0,29,0,0,29,201,172,29,0,"NU ESTE CAZUL",INTACTE,0,16,2,2,2,0,1,0,0,0,0,1,0,1,0,4
48,STRĂINĂTATE,KUWEIT,"KUWEIT CITY","KUWEIT CITY - KUWEIT",226,Europarlamentare,0,0,0,245,0,0,245,500,255,241,4,"NU ESTE CAZUL",INTACTE,11,129,7,0,42,5,0,24,1,1,2,7,1,3,6,2
48,STRĂINĂTATE,LIBAN,BEIRUT,"BEIRUT - LIBAN",227,Europarlamentare,0,0,0,121,0,0,121,500,379,119,2,0,INTACTA,13,63,7,1,16,2,0,11,0,0,0,0,0,2,4,0
48,STRĂINĂTATE,LITUANIA,VILNIUS,"VILNIUS - LITUANIA",228,Europarlamentare,0,0,0,125,0,0,125,300,175,122,3,0,0,8,72,3,0,21,0,0,9,0,0,0,1,0,2,5,1
48,STRĂINĂTATE,LUXEMBURG,LUXEMBURG,"LUXEMBURG - LUXEMBURG",229,Europarlamentare,0,0,0,1739,0,0,1739,5000,3261,1725,14,"NU EXISTA",INTACTA,13,1056,23,11,338,20,7,109,4,1,15,15,1,15,64,33
48,STRĂINĂTATE,"MACEDONIA DE NORD",SKOPJE,"SKOPJE - MACEDONIA DE NORD",230,Europarlamentare,0,0,0,73,0,0,73,200,127,72,1,"NU ESTE CAZUL",INTACTA,5,33,4,1,20,3,0,3,0,0,0,0,0,2,0,1
48,STRĂINĂTATE,MALAEZIA,"KUALA LUMPUR","KUALA LUMPUR - MALAEZIA",231,Europarlamentare,0,0,0,71,0,0,71,200,129,70,1,"AM GASIT IN URNA 71BULETINE DE VOT PENTRU AEP 2019, DAR UNUL DINTRE ACESTEA ERA IN ALB, NEUTILIZAT. A FOST ANULST PRESEDINTELE SV 231.",INTACTE,2,49,2,0,11,2,0,2,0,0,0,0,0,0,1,1
48,STRĂINĂTATE,MALTA,SLIEMA,"SLIEMA - MALTA",232,Europarlamentare,0,0,0,783,0,0,783,2500,1717,772,11,"LA NUMARAREA VOTURILOR S-A CONSTATAT CA NR DE BULETINE DE VOT AFLATE IN URNE ESTE MAI MARE DECAT NUMARUL PERSOANELOR SCRISE PE LISTELE SUPLIMENTARE., DIFERENTA FIIND DE 6 BULETINE. CHEIA VERIFICARII SE FACE CU INSUMAREA BULETINELOR FIZICE GASITE IN URNA. DUPA VERIFICAREA URNELOR DE LA REFERENDUM, AM CONSTATAT CA PERSOANELE DIN LISTELE SUPLIMENTARE SUNT MAI MULTE DECAT BULETINELE GASITE IN URNA, CEEA CE POATE INSEMNA CA PERSOANELE  DE LA A.E. 2019 AU FOST SCRISE PE LISTELE SUPLIMENTARE DE LA REFERENDUM",INTACTA,10,460,30,8,135,19,6,50,1,1,11,4,0,11,22,4
48,STRĂINĂTATE,MAROC,RABAT,"RABAT - MAROC",233,Europarlamentare,0,0,0,120,0,0,120,500,380,117,3,0,0,7,63,4,1,28,2,0,4,0,0,1,3,0,1,3,0
48,STRĂINĂTATE,MEXIC,"CIUDAD DE MEXICO","CIUDAD DE MEXICO - MEXIC",234,Europarlamentare,0,0,0,67,0,0,67,500,433,67,0,0,0,3,43,3,0,9,4,0,3,0,1,1,0,0,0,0,0
48,STRĂINĂTATE,"REPUBLICA MOLDOVA",BĂLȚI,"BĂLȚI - REPUBLICA MOLDOVA",235,Europarlamentare,0,0,0,737,0,0,737,2500,1763,732,5,0,0,48,100,33,2,259,5,4,216,4,5,5,8,1,2,36,4
48,STRĂINĂTATE,"REPUBLICA MOLDOVA",BĂLȚI,"BĂLȚI - REPUBLICA MOLDOVA",236,Europarlamentare,0,0,0,689,0,0,689,2000,1311,684,5,0,0,41,87,40,1,247,5,1,195,5,4,8,0,0,4,38,8
48,STRĂINĂTATE,"REPUBLICA MOLDOVA",UNGHENI,"UNGHENI - REPUBLICA MOLDOVA",237,Europarlamentare,0,0,0,1163,0,0,1163,2000,837,1158,5,"NU AU FOST",NORMALA,62,119,36,2,509,8,3,342,8,1,5,2,0,2,52,7
48,STRĂINĂTATE,"REPUBLICA MOLDOVA",SOROCA,"SOROCA - REPUBLICA MOLDOVA",238,Europarlamentare,0,0,0,668,0,0,668,2000,1332,662,6,-,INTACTA,83,46,27,2,173,2,4,239,5,2,10,2,1,0,64,2
48,STRĂINĂTATE,"REPUBLICA MOLDOVA",DROCHIA,"DROCHIA - REPUBLICA MOLDOVA",239,Europarlamentare,0,0,0,806,0,0,806,2000,1194,804,2,0,0,179,84,42,2,264,8,1,165,9,1,3,4,1,3,34,4
48,STRĂINĂTATE,"REPUBLICA MOLDOVA",EDINET,"EDINET - REPUBLICA MOLDOVA",240,Europarlamentare,0,0,0,737,0,0,737,2000,1263,733,4,0,INTACTE,131,65,25,4,203,4,2,213,6,9,3,1,2,3,58,4
48,STRĂINĂTATE,"REPUBLICA MOLDOVA",FĂLEȘTI,"FĂLEȘTI - REPUBLICA MOLDOVA",241,Europarlamentare,0,0,0,667,0,0,667,2000,1333,662,5,"NU ESTE CAZUL",INTACTA,251,41,23,2,181,4,2,103,5,1,3,1,1,1,42,1
48,STRĂINĂTATE,"REPUBLICA MOLDOVA",FLOREȘTI,"FLOREȘTI - REPUBLICA MOLDOVA",242,Europarlamentare,0,0,0,452,0,0,452,2000,1548,449,3,"NU E CAZUL",INTACTA,96,58,26,2,157,5,2,65,4,3,7,0,0,1,20,3
48,STRĂINĂTATE,"REPUBLICA MOLDOVA",TELENEȘTI,"TELENEȘTI - REPUBLICA MOLDOVA",243,Europarlamentare,0,0,0,1102,0,0,1102,2000,898,1084,18,"nu au fost incidente",intacta,318,70,30,3,398,7,4,172,8,13,7,0,0,0,52,2
48,STRĂINĂTATE,"REPUBLICA MOLDOVA",CHIȘINĂU,"CHIȘINĂU - REPUBLICA MOLDOVA",244,Europarlamentare,0,0,0,1371,0,0,1371,4000,2629,1354,17,"Nu au fost",INTACTE,45,168,49,4,517,9,4,433,2,0,6,3,4,5,99,6
48,STRĂINĂTATE,"REPUBLICA MOLDOVA",CHIȘINĂU,"CHIȘINĂU - REPUBLICA MOLDOVA",245,Europarlamentare,0,0,0,1450,0,0,1450,3000,1550,1398,52,"NU AU FOST",INTACTA,52,101,29,4,599,11,2,512,3,1,11,2,0,1,65,5
48,STRĂINĂTATE,"REPUBLICA MOLDOVA",CHIȘINĂU,"CHIȘINĂU - REPUBLICA MOLDOVA",246,Europarlamentare,0,0,0,2065,0,0,2065,3000,935,2041,24,"NU SUNT",INTEGRA,73,177,69,3,794,9,9,733,7,0,17,8,2,2,120,18
48,STRĂINĂTATE,"REPUBLICA MOLDOVA",CHIȘINĂU,"CHIȘINĂU - REPUBLICA MOLDOVA",247,Europarlamentare,0,0,0,1368,0,0,1368,3000,1641,1346,11,"POSIBIL CA BULETINELE SA NU FI FOST INTRODUSE IN URNA",INTACTA,51,113,29,5,592,12,5,404,10,6,16,9,2,1,84,7
48,STRĂINĂTATE,"REPUBLICA MOLDOVA",CHIȘINĂU,"CHIȘINĂU - REPUBLICA MOLDOVA",248,Europarlamentare,0,0,0,1254,0,0,1254,3005,1751,1248,6,0,0,60,163,35,1,456,5,0,426,1,0,3,3,2,0,79,14
48,STRĂINĂTATE,"REPUBLICA MOLDOVA",CHIȘINĂU,"CHIȘINĂU - REPUBLICA MOLDOVA",249,Europarlamentare,0,0,0,1422,0,0,1422,3000,1578,1416,6,0,0,71,215,46,4,457,11,3,512,6,1,4,0,0,3,72,11
48,STRĂINĂTATE,"REPUBLICA MOLDOVA",CHIȘINĂU,"CHIȘINĂU - REPUBLICA MOLDOVA",250,Europarlamentare,0,0,0,1425,0,0,1425,3000,1575,1416,9,"NU ESTE CAZUL",BUNA,74,141,38,2,540,6,1,491,4,2,6,5,1,7,93,5
48,STRĂINĂTATE,"REPUBLICA MOLDOVA",CHIȘINĂU,"CHIȘINĂU - REPUBLICA MOLDOVA",251,Europarlamentare,0,0,0,1152,0,0,1152,3000,1848,1141,11,0,INTACTE,58,132,38,2,481,3,4,332,4,3,3,1,3,2,65,10
48,STRĂINĂTATE,"REPUBLICA MOLDOVA",CHIȘINĂU,"CHIȘINĂU - REPUBLICA MOLDOVA",252,Europarlamentare,0,0,0,1292,0,0,1292,3000,1708,1286,6,"NU AU FOST FORMULATE CONTESTAȚII",INTACTĂ,46,181,47,2,469,7,4,431,1,0,0,1,2,3,79,13
48,STRĂINĂTATE,"REPUBLICA MOLDOVA",CHIȘINĂU,"CHIȘINĂU - REPUBLICA MOLDOVA",253,Europarlamentare,0,0,0,1058,0,0,1058,3000,1942,1057,1,0,0,27,147,24,0,419,0,0,364,0,0,5,2,0,1,60,8
48,STRĂINĂTATE,"REPUBLICA MOLDOVA",CHIȘINĂU,"CHIȘINĂU - REPUBLICA MOLDOVA",254,Europarlamentare,0,0,0,1141,0,0,1141,3500,2359,1123,18,0,0,45,165,28,0,410,4,4,394,0,3,4,0,0,1,54,11
48,STRĂINĂTATE,"REPUBLICA MOLDOVA",CHIȘINĂU,"CHIȘINĂU - REPUBLICA MOLDOVA",255,Europarlamentare,0,0,0,934,0,0,934,3000,2159,836,5,0,INTACTE,46,133,28,0,422,1,7,136,2,0,1,3,0,3,46,8
48,STRĂINĂTATE,"REPUBLICA MOLDOVA",DURLEȘTI,"DURLEȘTI - REPUBLICA MOLDOVA",256,Europarlamentare,0,0,0,1509,0,0,1509,3000,1491,1505,4,"NU E CAZUL",INTACTE,78,177,52,1,558,3,1,545,8,1,9,0,3,5,61,3
48,STRĂINĂTATE,"REPUBLICA MOLDOVA",HÂNCEȘTI,"HÂNCEȘTI - REPUBLICA MOLDOVA",257,Europarlamentare,0,0,0,1066,0,0,1066,1500,434,1041,25,"NU SUNT NICI INTIMPLARI NICI CONTESTATII",INTACTE,97,63,50,4,470,1,2,274,5,1,10,3,2,3,47,9
48,STRĂINĂTATE,"REPUBLICA MOLDOVA",IALOVENI,"IALOVENI - REPUBLICA MOLDOVA",258,Europarlamentare,0,0,0,1541,0,0,1541,3000,1459,1537,4,"NU ESTE CAZUL","SIGILIILE AU FOST INTACTE",200,79,46,2,556,7,0,551,5,0,6,0,4,0,76,5
48,STRĂINĂTATE,"REPUBLICA MOLDOVA",NISPORENI,"NISPORENI - REPUBLICA MOLDOVA",259,Europarlamentare,0,0,0,1183,0,0,1183,3000,1817,1168,15,"NU AU EXISTAT","IN REGULA",270,68,69,0,362,2,1,296,8,3,8,4,4,1,67,5
48,STRĂINĂTATE,"REPUBLICA MOLDOVA",ORHEI,"ORHEI - REPUBLICA MOLDOVA",260,Europarlamentare,0,0,0,1458,0,0,1458,2997,1539,1455,3,"nu au existat",intacte,90,112,54,2,619,7,2,417,6,0,6,5,0,1,121,13
48,STRĂINĂTATE,"REPUBLICA MOLDOVA",CĂUȘENI,"CĂUȘENI - REPUBLICA MOLDOVA",261,Europarlamentare,0,0,0,1205,0,0,1205,3000,1795,1193,12,"NU E CAZUL",INTACTE,162,71,50,4,492,11,1,276,4,0,5,4,0,2,101,10
48,STRĂINĂTATE,"REPUBLICA MOLDOVA","ANENII NOI","ANENII NOI - REPUBLICA MOLDOVA",262,Europarlamentare,0,0,0,886,0,0,886,3000,2114,882,4,"NU SUNT","SIGILII INTACTE",126,95,35,2,356,0,6,174,7,2,8,2,1,1,61,6
48,STRĂINĂTATE,"REPUBLICA MOLDOVA",BARDAR,"BARDAR - REPUBLICA MOLDOVA",263,Europarlamentare,0,0,0,1167,0,0,1167,3003,1836,1158,9,0,INTACTE,180,75,58,2,366,0,2,382,8,2,5,4,0,1,67,6
48,STRĂINĂTATE,"REPUBLICA MOLDOVA",CĂLĂRAȘI,"CĂLĂRAȘI - REPUBLICA MOLDOVA",264,Europarlamentare,0,0,0,1076,0,0,1076,3000,1924,1069,7,0,INTACTA,54,65,35,3,488,6,7,316,8,6,3,1,2,1,74,0
48,STRĂINĂTATE,"REPUBLICA MOLDOVA",CAHUL,"CAHUL - REPUBLICA MOLDOVA",265,Europarlamentare,0,0,0,1364,0,0,1364,3000,1636,1343,21,0,0,60,111,90,2,383,8,7,495,7,10,10,4,4,9,62,81
48,STRĂINĂTATE,"REPUBLICA MOLDOVA",CANTEMIR,"CANTEMIR - REPUBLICA MOLDOVA",266,Europarlamentare,0,0,0,659,0,0,659,3000,2341,657,2,0,0,73,55,52,0,190,5,0,212,2,1,7,1,1,0,39,19
48,STRĂINĂTATE,"REPUBLICA MOLDOVA",CIMIȘLIA,"CIMIȘLIA - REPUBLICA MOLDOVA",267,Europarlamentare,0,0,0,883,0,0,883,3000,2117,869,14,0,0,151,52,148,1,333,2,2,106,7,1,4,2,2,3,45,10
48,STRĂINĂTATE,"REPUBLICA MOLDOVA",GIURGIULEȘTI,"GIURGIULEȘTI - REPUBLICA MOLDOVA",268,Europarlamentare,0,0,0,312,0,0,312,3008,2687,311,1,0,0,20,30,17,2,70,5,2,94,1,2,6,1,0,1,16,44
48,STRĂINĂTATE,"REPUBLICA MOLDOVA",LEOVA,"LEOVA - REPUBLICA MOLDOVA",269,Europarlamentare,0,0,0,527,0,0,527,3000,2473,524,3,0,0,94,49,54,2,172,3,0,107,6,2,4,1,2,4,23,1
48,STRĂINĂTATE,"REPUBLICA MOLDOVA",CARABETOVCA,"CARABETOVCA - REPUBLICA MOLDOVA",270,Europarlamentare,0,0,0,195,0,0,195,3000,2805,190,5,0,0,45,24,8,0,46,1,0,35,0,2,0,0,3,0,26,0
48,STRĂINĂTATE,MUNTENEGRU,PODGORITA,"PODGORITA - MUNTENEGRU",271,Europarlamentare,0,0,0,76,0,0,76,500,424,75,1,"NU ESTE CAZUL","SIGILII INTACTE",8,37,3,0,12,5,0,6,0,0,3,0,0,1,0,0
48,STRĂINĂTATE,NORVEGIA,OSLO,"OSLO - NORVEGIA",272,Europarlamentare,0,0,0,1036,0,0,1036,3000,1964,1028,8,0,0,9,585,29,8,234,10,4,52,0,1,5,5,3,14,36,33
48,STRĂINĂTATE,NORVEGIA,BERGEN,"BERGEN - NORVEGIA",273,Europarlamentare,0,0,0,913,0,0,913,3000,2090,905,5,"IN URMA BUSCULADEI CARE A AVUT LOC IN ULTIMELE 30 MINUTE DE VOT, SE PARE CA TREI ALEGATORI NU AU INTRODUS BULETINELE DE VOT IN URNA, CI AU PLECAT CU ELE.",BUNA,8,519,20,6,187,11,2,56,2,2,5,9,1,7,17,53
48,STRĂINĂTATE,NORVEGIA,VATNE,"VATNE - NORVEGIA",274,Europarlamentare,0,0,0,873,0,0,873,3000,2127,858,15,0,0,11,423,52,10,183,39,3,54,7,7,11,3,4,19,29,3
48,STRĂINĂTATE,NORVEGIA,KRISTIANSAND,"KRISTIANSAND - NORVEGIA",275,Europarlamentare,0,0,0,435,0,0,435,3000,2565,434,1,"NU ESTE CAZUL","INTACTA, CORESPUNZATOARE",13,241,9,5,88,3,7,22,1,0,3,1,0,4,5,32
48,STRĂINĂTATE,NIGERIA,ABUJA,"ABUJA - NIGERIA",276,Europarlamentare,0,0,0,23,0,0,23,300,277,23,0,0,0,0,15,1,0,3,1,0,2,0,0,0,0,0,0,1,0
48,STRĂINĂTATE,OLANDA,HAGA,"HAGA - OLANDA",277,Europarlamentare,0,0,0,1253,0,0,1253,3000,1747,1225,5,"NU ESTE CAZUL",PERFECTA,9,801,32,10,222,13,6,59,2,1,7,5,1,18,26,13
48,STRĂINĂTATE,OLANDA,HAGA,"HAGA - OLANDA",278,Europarlamentare,0,0,0,1261,0,0,1261,3000,1739,1257,4,"NU A FOST CAZUL",PERFECTA,10,848,38,16,206,13,2,55,2,4,8,9,1,9,26,10
48,STRĂINĂTATE,OLANDA,DIEMEN,"DIEMEN - OLANDA",279,Europarlamentare,0,0,0,1826,0,0,1826,3000,1174,1786,8,"NU AU FOST",INTACTE,15,1252,33,24,257,15,10,78,8,0,4,7,5,19,50,9
48,STRĂINĂTATE,OLANDA,EINDHOVERN,"EINDHOVERN - OLANDA",280,Europarlamentare,0,0,0,1652,0,0,1652,3000,1348,1640,12,0,0,5,922,52,23,376,19,10,118,9,2,20,7,3,19,35,20
48,STRĂINĂTATE,OMAN,MUSCAT,"MUSCAT - OMAN",281,Europarlamentare,0,0,0,105,0,0,105,300,195,105,0,"NU ESTE CAZUL",INTACTA,0,70,7,0,19,1,1,4,0,0,0,0,0,0,3,0
48,STRĂINĂTATE,PAKISTAN,ISLAMABAD,"ISLAMABAD - PAKISTAN",282,Europarlamentare,0,0,0,13,0,0,13,200,187,13,0,"NU A FOST CAZUL",INTACTA,0,8,2,0,0,0,0,0,0,0,0,0,0,3,0,0
48,STRĂINĂTATE,PALESTINA,RAMALLAH,"RAMALLAH - PALESTINA",283,Europarlamentare,0,0,0,12,0,0,12,200,188,12,0,0,intacte,0,5,3,0,0,1,0,2,0,0,0,0,0,0,0,1
48,STRĂINĂTATE,PERU,LIMA,"LIMA - PERU",284,Europarlamentare,0,0,0,76,0,0,76,201,125,76,0,"NU ESTE CAZUL",INTACTA,3,37,7,0,14,2,0,6,0,0,1,0,0,2,2,2
48,STRĂINĂTATE,POLONIA,VARȘOVIA,"VARȘOVIA - POLONIA",285,Europarlamentare,0,0,0,544,0,0,544,2001,1457,539,5,"NU SUNT",INTACTA,22,370,20,5,54,11,1,23,2,0,3,1,0,6,15,6
48,STRĂINĂTATE,POLONIA,CRACOVIA,"CRACOVIA - POLONIA",286,Europarlamentare,0,0,0,338,0,0,338,1500,1162,338,0,"NU ESTE CAZUL",INTACTA,10,235,5,8,35,7,0,11,0,0,2,1,2,8,3,11
48,STRĂINĂTATE,POLONIA,WROCLAW,"WROCLAW - POLONIA",287,Europarlamentare,0,0,0,117,0,0,117,1500,1383,117,0,"NU ESTE CAZUL",INTACTA,3,75,3,0,27,1,0,3,0,0,2,0,0,1,2,0
48,STRĂINĂTATE,PORTUGALIA,LISABONA,"LISABONA - PORTUGALIA",288,Europarlamentare,0,0,0,854,0,0,854,2000,1146,837,17,"NU ESTE CAZUL",INTACTE,28,321,24,8,285,13,1,67,3,1,9,6,0,9,36,26
48,STRĂINĂTATE,PORTUGALIA,LISABONA,"LISABONA - PORTUGALIA",289,Europarlamentare,0,0,0,383,0,0,383,2000,1617,382,1,"Nu s-au inregistrat astfel de situatii",INTACTE,3,226,11,2,75,7,1,27,2,0,4,2,3,7,12,0
48,STRĂINĂTATE,PORTUGALIA,PORTO,"PORTO - PORTUGALIA",290,Europarlamentare,0,0,0,271,0,0,271,1400,1129,269,2,0,INTACTE,5,180,11,1,40,1,2,10,3,1,4,0,0,1,3,7
48,STRĂINĂTATE,PORTUGALIA,SETUBAL,"SETUBAL - PORTUGALIA",291,Europarlamentare,0,0,0,250,0,0,250,2000,1750,246,4,0,INTACTE,11,49,11,2,109,3,0,35,1,1,2,2,0,6,11,3
48,STRĂINĂTATE,PORTUGALIA,ALMANCIL,"ALMANCIL - PORTUGALIA",292,Europarlamentare,0,0,0,637,0,0,637,2000,1363,626,11,"NU ESTE CAZUL",BUNA,9,194,16,7,273,10,3,46,4,1,6,3,2,4,15,33
48,STRĂINĂTATE,QATAR,DOHA,"DOHA - QATAR",293,Europarlamentare,0,0,0,504,0,0,504,2500,1996,500,4,NU,INTACT,14,345,14,3,64,5,1,22,1,0,3,1,1,14,8,4
48,STRĂINĂTATE,"REGATUL UNIT AL MARII BRITANII ŞI IRLANDEI DE NORD",LONDRA,"LONDRA - REGATUL UNIT AL MARII BRITANII ŞI IRLANDEI DE NORD",294,Europarlamentare,0,0,0,2100,0,0,2100,8000,5900,2091,9,"Nu au existat contestatii.","Sigiliile au fost intacte.",12,1495,16,8,341,19,7,73,4,2,7,5,2,16,53,31
48,STRĂINĂTATE,"REGATUL UNIT AL MARII BRITANII ŞI IRLANDEI DE NORD",LONDRA,"LONDRA - REGATUL UNIT AL MARII BRITANII ŞI IRLANDEI DE NORD",295,Europarlamentare,0,0,0,1767,0,0,1767,8000,6233,1761,6,0,0,22,1015,24,5,396,13,1,88,3,0,10,10,1,14,79,80
48,STRĂINĂTATE,"REGATUL UNIT AL MARII BRITANII ŞI IRLANDEI DE NORD",LONDRA/BRENT,"LONDRA/BRENT - REGATUL UNIT AL MARII BRITANII ŞI IRLANDEI DE NORD",296,Europarlamentare,0,0,0,2558,0,0,2558,8000,5442,2509,49,"NU AU EXISTAT CONTENSTATII DEPUSE. AGLOMERATIE LA INCHIDEREA SECTIEI A FOST NECESSRA INTERVENTIA FORTELOR DE ORDINE PENTRU ELIBERAREA ZONEI S-AU CONSTATAT MINORE STRICACIUNI SI 13H A FOST EXTINS TIMPUL DE NUMARARE A VOTURILOR","FOARTE BUNA",13,1161,46,18,846,34,11,157,12,0,22,28,7,30,83,41
48,STRĂINĂTATE,"REGATUL UNIT AL MARII BRITANII ŞI IRLANDEI DE NORD",LONDRA/STRATFORD,"LONDRA/STRATFORD - REGATUL UNIT AL MARII BRITANII ŞI IRLANDEI DE NORD",297,Europarlamentare,0,0,0,2083,0,0,2083,8000,5925,2037,23,0,BUNA,10,1003,35,15,713,6,10,97,2,4,10,10,8,14,76,24
48,STRĂINĂTATE,"REGATUL UNIT AL MARII BRITANII ŞI IRLANDEI DE NORD",LONDRA/HARROW,"LONDRA/HARROW - REGATUL UNIT AL MARII BRITANII ŞI IRLANDEI DE NORD",298,Europarlamentare,0,0,0,2435,0,0,2435,8000,5579,2411,10,"S A CONSTATAT LIPSA A 20 BULETINE DE VOT",INTACTE,11,1084,32,22,801,23,9,174,10,0,13,18,7,28,67,112
48,STRĂINĂTATE,"REGATUL UNIT AL MARII BRITANII ŞI IRLANDEI DE NORD",LONDRA/STREATHAM,"LONDRA/STREATHAM - REGATUL UNIT AL MARII BRITANII ŞI IRLANDEI DE NORD",299,Europarlamentare,0,0,0,1970,0,0,1970,8000,6030,1948,8,"PREZENTA LA VOT A FOST PESTE CAPACITATEA COMISIEI CU NUMAR MAXIM DE MEMBRII SI STAMPILE, APR. 3500-4000 DE PERSOANE, CEEA CE A DETERMINAT NEMULTUMIRE SI INVADAREA SECTIEI DE VOTARE CU APROXIMATIV O JUMATATE DE ORA INAINTE DE INCHIDEREA OFICIALA A SECTIEI. IN SECTIE SE AFLAU APROX. 120 DE PERSOANE CARE AU REFUZAT SA PARASEASCA SECTIA DE VOTARE LA ORA 21. SECTIA A FOST INCHISA CU AJUTORUL POLITIEI IN CURSUL OREI 22:00. AVAND IN VEDERE CA PERSOANELE DIN INCINTA AU FOST AGRESIVE, SOLICITAND DREPTUL NEINGRADIT LA VOT, INCLUSIV DUPA ORA 21:30, CAND S-A RESTRICTIONAT ACCESUL LA TABLETA DE CATRE STS. DATORITA AGRESIVITATII ACESTORA S-A PROCEDAT LA PERMITEREA EXCEPTIONALA A INSCRIERII PE LISTELE SUPLIMENTARE SI A EXERCITARII DREPTULUI LA VOT. DATORITA NUMARULUI EXCESIV DE MARE A PERSOANELOR CARE SOLICITAU IN MOD AGRESIV VOTAREA S-A DEPASIT LIMITA DE SECURITATE SI CONFIDENTIALITATE A PROCESULUI DE VOTARE, LUAND CU ASALT MESELE LA CARE LUCRAU MEMBRII COMISIEI SI OPERATORII TABLETELOR. IN CURSUL ORELOR 16:30, UN VOTANT A SCAPAT STAMPILA DE VOTARE IN URNA DE VOTARE, CEEA CE A REDUS CAPACITATEA DE PRELUARE A VOTANTILOR.",0,9,1175,35,13,430,29,5,101,7,0,9,7,3,19,75,31
48,STRĂINĂTATE,"REGATUL UNIT AL MARII BRITANII ŞI IRLANDEI DE NORD",LONDRA/BARKING,"LONDRA/BARKING - REGATUL UNIT AL MARII BRITANII ŞI IRLANDEI DE NORD",300,Europarlamentare,0,0,0,2393,0,0,2393,8000,5607,2362,31,0,INTACTE,19,1190,35,24,717,32,10,138,11,2,14,13,2,27,94,34
48,STRĂINĂTATE,"REGATUL UNIT AL MARII BRITANII ŞI IRLANDEI DE NORD",LONDRA/SLOUGH,"LONDRA/SLOUGH - REGATUL UNIT AL MARII BRITANII ŞI IRLANDEI DE NORD",301,Europarlamentare,0,0,0,2050,0,0,2050,8000,5950,2033,17,"DATORITA FLUXULUI DIN SECTIE A LIPSIT UN BULETIN DE VOT FATA DE NUMARUL ALEGATORILORN DIN LISTE. DE ASEMENEA, O STAMPILA A CAZUT IN URNA DE UN ALEGATOR SI A A FOST RECUPERATA LA DESCHIDERA URNELOR DUPA INCHIDEREA SECTIEI. A FOST NEVOIE DE POLITIE PENTRU INCHIDERAEA SECTIEI.",INTACTE,7,1170,29,18,535,15,4,98,7,6,16,9,3,27,56,33
48,STRĂINĂTATE,"REGATUL UNIT AL MARII BRITANII ŞI IRLANDEI DE NORD",PLYMOUTH,"PLYMOUTH - REGATUL UNIT AL MARII BRITANII ŞI IRLANDEI DE NORD",302,Europarlamentare,0,0,0,1170,0,0,1170,7000,5830,1165,5,0,0,9,580,25,14,309,19,7,79,3,1,13,14,0,17,63,12
48,STRĂINĂTATE,"REGATUL UNIT AL MARII BRITANII ŞI IRLANDEI DE NORD",PORTSMOUTH,"PORTSMOUTH - REGATUL UNIT AL MARII BRITANII ŞI IRLANDEI DE NORD",303,Europarlamentare,0,0,0,1184,0,0,1184,7000,5816,1179,5,0,0,3,752,18,6,247,7,6,54,4,1,7,2,3,10,46,13
48,STRĂINĂTATE,"REGATUL UNIT AL MARII BRITANII ŞI IRLANDEI DE NORD",BRISTOL,"BRISTOL - REGATUL UNIT AL MARII BRITANII ŞI IRLANDEI DE NORD",304,Europarlamentare,0,0,0,1690,0,0,1690,7000,5310,1675,15,0,CONFORMA,12,989,39,15,363,14,7,59,4,3,11,12,2,33,60,52
48,STRĂINĂTATE,"REGATUL UNIT AL MARII BRITANII ŞI IRLANDEI DE NORD",LUTON,"LUTON - REGATUL UNIT AL MARII BRITANII ŞI IRLANDEI DE NORD",305,Europarlamentare,0,0,0,2623,0,0,2623,8000,5377,2602,21,0,0,14,1214,32,32,816,26,12,150,11,8,35,20,6,26,101,99
48,STRĂINĂTATE,"REGATUL UNIT AL MARII BRITANII ŞI IRLANDEI DE NORD",COLCHESTER,"COLCHESTER - REGATUL UNIT AL MARII BRITANII ŞI IRLANDEI DE NORD",306,Europarlamentare,0,0,0,1250,0,0,1250,7000,5750,1241,9,"NU AU EXISTAT",INTACTE,12,699,28,14,302,15,4,67,5,2,12,17,0,20,34,10
48,STRĂINĂTATE,"REGATUL UNIT AL MARII BRITANII ŞI IRLANDEI DE NORD",NORTHAMPTON,"NORTHAMPTON - REGATUL UNIT AL MARII BRITANII ŞI IRLANDEI DE NORD",307,Europarlamentare,0,0,0,2110,0,0,2110,6000,3890,2101,9,0,0,19,1119,41,23,558,19,7,99,11,1,20,15,6,30,108,25
48,STRĂINĂTATE,"REGATUL UNIT AL MARII BRITANII ŞI IRLANDEI DE NORD",BIRMINGHAM,"BIRMINGHAM - REGATUL UNIT AL MARII BRITANII ŞI IRLANDEI DE NORD",308,Europarlamentare,0,0,0,1558,0,0,1558,5000,3442,1550,8,0,0,8,893,27,16,340,10,1,75,15,1,16,9,5,15,98,21
48,STRĂINĂTATE,"REGATUL UNIT AL MARII BRITANII ŞI IRLANDEI DE NORD",PETERBOROUGH,"PETERBOROUGH - REGATUL UNIT AL MARII BRITANII ŞI IRLANDEI DE NORD",309,Europarlamentare,0,0,0,1712,0,0,1712,5000,3288,1707,5,0,0,17,841,44,15,496,17,7,67,9,3,21,8,6,33,65,58
48,STRĂINĂTATE,"REGATUL UNIT AL MARII BRITANII ŞI IRLANDEI DE NORD",LEICESTER,"LEICESTER - REGATUL UNIT AL MARII BRITANII ŞI IRLANDEI DE NORD",310,Europarlamentare,0,0,0,1664,0,0,1664,4000,2336,1653,11,"NU SUNT",BUNE,10,912,39,12,409,18,3,83,4,3,22,9,5,33,59,32
48,STRĂINĂTATE,"REGATUL UNIT AL MARII BRITANII ŞI IRLANDEI DE NORD",NOTTINGHAM,"NOTTINGHAM - REGATUL UNIT AL MARII BRITANII ŞI IRLANDEI DE NORD",311,Europarlamentare,0,0,0,1717,0,0,1717,4000,2283,1694,23,0,0,19,894,48,21,411,15,3,80,18,4,16,14,5,23,98,25
48,STRĂINĂTATE,"REGATUL UNIT AL MARII BRITANII ŞI IRLANDEI DE NORD",LIVERPOOL,"LIVERPOOL - REGATUL UNIT AL MARII BRITANII ŞI IRLANDEI DE NORD",312,Europarlamentare,0,0,0,1022,0,0,1022,4000,2984,1008,8,0,"SIGILIU INTACT",4,551,23,9,251,13,1,63,4,1,4,4,1,20,51,8
48,STRĂINĂTATE,"REGATUL UNIT AL MARII BRITANII ŞI IRLANDEI DE NORD",MANCHESTER,"MANCHESTER - REGATUL UNIT AL MARII BRITANII ŞI IRLANDEI DE NORD",313,Europarlamentare,0,0,0,1887,0,0,1887,6000,4113,1872,15,0,0,11,1210,26,13,333,26,3,82,4,2,17,16,1,32,63,33
48,STRĂINĂTATE,"REGATUL UNIT AL MARII BRITANII ŞI IRLANDEI DE NORD",DONCASTER,"DONCASTER - REGATUL UNIT AL MARII BRITANII ŞI IRLANDEI DE NORD",314,Europarlamentare,0,0,0,1197,0,0,1197,4000,2802,1185,12,"FARA CONTESTATII",ADECVAT,8,650,32,9,283,18,4,59,6,0,9,12,2,22,64,7
48,STRĂINĂTATE,"REGATUL UNIT AL MARII BRITANII ŞI IRLANDEI DE NORD",LEEDS,"LEEDS - REGATUL UNIT AL MARII BRITANII ŞI IRLANDEI DE NORD",315,Europarlamentare,0,0,0,1363,0,0,1363,4000,2637,1354,9,"IN TIMPUL DEFECTIUNII CONEXIUNII LA INTERNET CU MESAJ ""SIMPV NU ESTE ACCESIBIL32503"" ORELE APROX 7.00 - 8.00 AM UN NUMAR NEDETERMINAT DE ALEGATORI AU FOST TRECUTI DIN EROARE PE LISTELE SUPLIMENTARE SI NU IN ANEXA 2.6. NU S-AU RETINUT SI NU S-AU INTRODUS ULTERIOR CNP-URILE. DE ASEMENEA BALAN GHE. IONUT CNP 1780508333193, TOMA BIANCA GABRIELA CNP 2921108270012 SI RACHIERU NICOLAE CNP 1871206270013 AU FOST VALIDATI IN SIMPV PT. ALEGERILE PT. PARLAMENTUL UE, DAR DUPA CE LI S-AU SCANAT DOCUMENTELE DE ID AU DECLARAT CA SI-AU EXERCITAT DEJA DREPTUL LA VOT IN CADRUL ALEGERILOR UE DIN MAREA BRITANIE.",INTACT,14,719,38,17,272,19,1,96,7,4,16,15,0,29,70,37
48,STRĂINĂTATE,"REGATUL UNIT AL MARII BRITANII ŞI IRLANDEI DE NORD",NEWCASTLE,"NEWCASTLE - REGATUL UNIT AL MARII BRITANII ŞI IRLANDEI DE NORD",316,Europarlamentare,0,0,0,1029,0,0,1029,4000,2970,1028,1,"IN TIMPUL VOTARII, MEMBRII SECTIEI DE VOTARE AU GRESIT IN CATEVA CAZURI, FOLOSIND FORMULARUL PENTRU REFERENDUM IN LOC DE FORMULARUL PENTRU ALEGERILE EUROPARLAMENTARE. PE LISTA ELECTORALA PENTRU REFERENDUM NUMARUL ESTE DE 1058 IAR PENTRU PARLAMENT EUROPEAN 998.","PERFECT INCHISE",11,575,24,9,237,14,5,37,4,3,5,11,3,13,38,39
48,STRĂINĂTATE,"REGATUL UNIT AL MARII BRITANII ŞI IRLANDEI DE NORD",CARDIFF,"CARDIFF - REGATUL UNIT AL MARII BRITANII ŞI IRLANDEI DE NORD",317,Europarlamentare,0,0,0,1330,0,0,1330,8000,6670,1319,11,0,0,20,749,22,11,320,15,2,72,9,0,11,8,5,26,35,14
48,STRĂINĂTATE,"REGATUL UNIT AL MARII BRITANII ŞI IRLANDEI DE NORD",GLASGOW,"GLASGOW - REGATUL UNIT AL MARII BRITANII ŞI IRLANDEI DE NORD",318,Europarlamentare,0,0,0,1033,0,0,1033,4000,2967,1019,14,"NU ESTE CAZUL",INTACTA,8,556,33,11,231,15,3,53,2,0,9,7,2,17,30,42
48,STRĂINĂTATE,"REGATUL UNIT AL MARII BRITANII ŞI IRLANDEI DE NORD",EDINBURGH,"EDINBURGH - REGATUL UNIT AL MARII BRITANII ŞI IRLANDEI DE NORD",319,Europarlamentare,0,0,0,1105,0,0,1105,4000,2895,1100,5,0,INTACTE,7,654,15,11,246,18,3,58,2,2,14,6,3,14,25,22
48,STRĂINĂTATE,"REGATUL UNIT AL MARII BRITANII ŞI IRLANDEI DE NORD",ABERDEEN,"ABERDEEN - REGATUL UNIT AL MARII BRITANII ŞI IRLANDEI DE NORD",320,Europarlamentare,0,0,0,738,0,0,738,3000,2269,724,7,"LA NUMARATOARE S-AU CONSTATAT 7 BULETINE LIPSA, COMPARAT CU NUMARUL TOTAL AL VOTANTILOR DIN LISTELE SUPLIMENTARE",INTACTA,6,348,22,5,202,13,3,47,3,0,17,7,2,9,21,19
48,STRĂINĂTATE,"REGATUL UNIT AL MARII BRITANII ŞI IRLANDEI DE NORD",BELFAST,"BELFAST - REGATUL UNIT AL MARII BRITANII ŞI IRLANDEI DE NORD",321,Europarlamentare,0,0,0,905,0,0,905,4000,3095,893,12,0,SIGILAT,4,463,23,8,249,6,1,33,5,2,11,11,3,16,43,15
48,STRĂINĂTATE,"REGATUL UNIT AL MARII BRITANII ŞI IRLANDEI DE NORD","INSULA JERSEY","INSULA JERSEY - REGATUL UNIT AL MARII BRITANII ŞI IRLANDEI DE NORD",322,Europarlamentare,0,0,0,610,0,0,610,3000,2390,596,14,-,INTACTE,7,280,19,5,141,9,2,26,7,6,10,12,3,21,42,6
48,STRĂINĂTATE,"FEDERAŢIA RUSĂ",MOSCOVA,"MOSCOVA - FEDERAŢIA RUSĂ",323,Europarlamentare,0,0,0,201,0,0,201,1000,799,201,0,0,INTACTA,26,91,20,0,36,11,0,12,0,0,1,0,0,1,1,2
48,STRĂINĂTATE,"FEDERAŢIA RUSĂ","SANKT PETERSBURG","SANKT PETERSBURG - FEDERAŢIA RUSĂ",324,Europarlamentare,0,0,0,95,0,0,95,500,405,95,0,0,INTACTE,18,41,5,1,19,4,0,1,1,2,0,0,0,1,2,0
48,STRĂINĂTATE,"FEDERAŢIA RUSĂ","ROSTOV PE DON","ROSTOV PE DON - FEDERAŢIA RUSĂ",325,Europarlamentare,0,0,0,8,0,0,8,200,192,8,0,"NU ESTE CAZUL",INTACTE,4,2,0,0,1,0,0,1,0,0,0,0,0,0,0,0
48,STRĂINĂTATE,SENEGAL,DAKAR,"DAKAR - SENEGAL",326,Europarlamentare,0,0,0,23,0,0,23,100,77,23,0,"NU AU EXISTAT",OK,0,16,1,0,1,2,2,0,0,0,0,0,1,0,0,0
48,STRĂINĂTATE,SERBIA,VÂRȘEȚ,"VÂRȘEȚ - SERBIA",327,Europarlamentare,0,0,0,96,0,0,96,500,404,95,1,"NU ESTE CAZUL",INTACTA,8,42,4,0,19,3,1,7,0,0,4,1,0,0,4,2
48,STRĂINĂTATE,SERBIA,BELGRAD,"BELGRAD - SERBIA",328,Europarlamentare,0,0,0,225,0,0,225,501,276,223,2,0,0,15,123,15,5,32,5,2,13,0,2,1,3,0,3,4,0
48,STRĂINĂTATE,SERBIA,ZAJECAR,"ZAJECAR - SERBIA",329,Europarlamentare,0,0,0,16,0,0,16,500,484,14,2,"NU ESTE CAZUL","SIGILII INTACTE",0,5,1,0,2,0,0,0,0,0,0,0,0,0,1,5
48,STRĂINĂTATE,SERBIA,PRIȘTINA,"PRIȘTINA - SERBIA",330,Europarlamentare,0,0,0,102,0,0,102,500,398,102,0,"NU ESTE CAZUL",INTACTA,0,64,6,0,14,2,0,7,0,0,1,1,1,3,1,2
48,STRĂINĂTATE,"REPUBLICA SINGAPORE",SINGAPORE,"SINGAPORE - REPUBLICA SINGAPORE",331,Europarlamentare,0,0,0,245,0,0,245,499,254,243,2,"NU A FOST CAZUL",INTACTA,0,215,3,0,13,6,0,6,0,0,0,0,0,0,0,0
48,STRĂINĂTATE,SIRIA,DAMASC,"DAMASC - SIRIA",332,Europarlamentare,0,0,0,25,0,0,25,250,225,24,1,"NU AU FOST",INTACTE,0,11,3,0,5,0,1,4,0,0,0,0,0,0,0,0
48,STRĂINĂTATE,SLOVENIA,LJUBLJANA,"LJUBLJANA - SLOVENIA",333,Europarlamentare,0,0,0,159,0,0,159,500,341,157,2,"NU ESTE CAZUL",BUNA,3,75,8,1,43,4,0,14,0,0,2,0,0,3,4,0
48,STRĂINĂTATE,SLOVACIA,BRATISLAVA,"BRATISLAVA - SLOVACIA",334,Europarlamentare,0,0,0,798,0,0,798,1000,202,789,9,NEAPLICABIL,INTACTA,8,429,17,11,145,7,5,56,1,0,4,1,1,10,11,83
48,STRĂINĂTATE,SPANIA,ZARAGOZA,"ZARAGOZA - SPANIA",335,Europarlamentare,0,0,0,1339,0,0,1339,4000,2661,1330,9,"NU ESTE CAZUL",BUNA,28,465,20,3,616,11,7,79,8,5,7,5,3,7,36,30
48,STRĂINĂTATE,SPANIA,ZARAGOZA,"ZARAGOZA - SPANIA",336,Europarlamentare,0,0,0,1267,0,0,1267,4000,2733,1253,14,"NU E CAZUL",INTACTA,25,450,30,15,533,6,11,81,10,3,9,6,3,6,33,32
48,STRĂINĂTATE,SPANIA,BARCELONA,"BARCELONA - SPANIA",337,Europarlamentare,0,0,0,1643,0,0,1643,4000,2357,1630,13,0,0,11,940,12,14,470,13,4,56,4,3,3,5,1,11,34,49
48,STRĂINĂTATE,SPANIA,LLEIDA,"LLEIDA - SPANIA",338,Europarlamentare,0,0,0,1552,0,0,1552,3000,1448,1540,12,0,0,28,573,24,7,699,18,2,82,5,4,20,4,1,12,46,15
48,STRĂINĂTATE,SPANIA,GIRONA,"GIRONA - SPANIA",339,Europarlamentare,0,0,0,1327,0,0,1327,3000,1673,1327,0,0,0,19,581,37,9,457,7,0,104,7,2,10,4,1,15,39,35
48,STRĂINĂTATE,SPANIA,TARRAGONA,"TARRAGONA - SPANIA",340,Europarlamentare,0,0,0,1388,0,0,1388,3000,1612,1366,22,,,15,563,31,14,496,12,3,86,7,5,13,4,2,13,56,46
48,STRĂINĂTATE,SPANIA,"PALMA DE MALLORCA","PALMA DE MALLORCA - SPANIA",341,Europarlamentare,0,0,0,1277,0,0,1277,3000,1723,1267,10,"NU AU FOST",INTACT,19,558,30,9,435,18,1,69,5,0,20,11,1,20,26,45
48,STRĂINĂTATE,SPANIA,MADRID,"MADRID - SPANIA",342,Europarlamentare,0,0,0,1695,0,0,1695,4000,2305,1687,8,0,0,34,857,31,2,550,24,5,78,6,4,9,12,3,13,41,18
48,STRĂINĂTATE,SPANIA,MADRID,"MADRID - SPANIA",343,Europarlamentare,0,0,0,1670,0,0,1670,4000,2330,1650,20,"NR. FOARTE MARE AL CETATENILOR LA VOT SI PROCESUL GREOI DE VOTARE A GERNERAT NUMEROASE RECLAMATII",INTACTA,25,640,38,12,709,22,6,70,14,3,11,7,2,16,37,38
48,STRĂINĂTATE,SPANIA,MADRID,"MADRID - SPANIA",344,Europarlamentare,0,0,0,2207,0,0,2207,4000,2224,1605,32,"DUPA OPRIREA SIM PV DIN ROMANIA, S-A CONTINUAT VOTAREA CONFORM INSTRUCTIUNILOR PE LISTELE SUPLIMENTARE",INTACT,22,585,41,13,715,11,6,93,12,3,10,20,4,11,40,19
48,STRĂINĂTATE,SPANIA,MADRID,"MADRID - SPANIA",345,Europarlamentare,0,0,0,1172,0,0,1172,4000,2828,1157,15,"NU E CAZUL",INTACTA,8,629,42,1,337,16,6,38,8,2,10,9,3,16,17,15
48,STRĂINĂTATE,SPANIA,COSLADA,"COSLADA - SPANIA",346,Europarlamentare,0,0,0,2122,0,0,2122,4000,1878,2110,12,0,INTACTA,48,702,64,16,972,24,11,116,14,7,11,7,7,30,59,22
48,STRĂINĂTATE,SPANIA,"ALCALA DE HENARES","ALCALA DE HENARES - SPANIA",347,Europarlamentare,0,0,0,1919,0,0,1919,4000,2086,1895,16,"S-A INREGISTRAT O DIFERENTA DE 8 VOTURI IN MINUS IN URNE FATA DE NUMARUL ALEGATORILOR DE PE LISTELE SUPLIMENTARE.",CORESPUNZATOARE,30,660,31,10,902,14,13,99,7,7,16,6,2,12,46,40
48,STRĂINĂTATE,SPANIA,"TORREJON DE ARDOZ","TORREJON DE ARDOZ - SPANIA",348,Europarlamentare,0,0,0,1651,0,0,1651,4000,2349,1628,23,0,0,33,552,40,20,775,12,6,86,9,3,14,8,0,11,43,16
48,STRĂINĂTATE,SPANIA,"ARGANDA DEL REY","ARGANDA DEL REY - SPANIA",349,Europarlamentare,0,0,0,1852,0,0,1852,4000,2148,1845,7,0,0,13,719,37,7,838,16,7,64,6,3,12,7,4,10,33,69
48,STRĂINĂTATE,SPANIA,MOSTOLES,"MOSTOLES - SPANIA",350,Europarlamentare,0,0,0,1365,0,0,1365,4000,2635,1354,11,0,INTACTE,17,534,36,9,568,8,2,55,7,8,12,15,2,18,43,20
48,STRĂINĂTATE,SPANIA,FUENLABRADA,"FUENLABRADA - SPANIA",351,Europarlamentare,0,0,0,1530,0,0,1530,4000,2470,1505,25,0,corespunzatoare,21,619,21,6,648,6,2,87,3,4,9,7,0,6,43,23
48,STRĂINĂTATE,SPANIA,GUADALAJARA,"GUADALAJARA - SPANIA",352,Europarlamentare,0,0,0,1259,0,0,1259,4000,2741,1259,0,0,0,14,445,31,9,589,18,2,69,4,1,4,16,3,3,19,32
48,STRĂINĂTATE,SPANIA,"TELDE (LAS PALMAS)","TELDE (LAS PALMAS) - SPANIA",353,Europarlamentare,0,0,0,294,0,0,294,4000,3706,288,6,NICIUNA,INTACTA,9,136,6,0,83,3,2,22,2,0,3,0,2,1,16,3
48,STRĂINĂTATE,SPANIA,ADEJE,"ADEJE - SPANIA",354,Europarlamentare,0,0,0,846,0,0,846,4000,3156,838,6,"NU AU FOST CONTESTATII. DUPA OPRIREA SIMPV LA ORA 22:30, S-A CONTINUAT INREGISTRAREA VOTANTILOR RESTANTI PANA LA INCHIDEREA SECTIEI PE LISTELE SUPLIMENTARE.",INTACTA,19,439,26,10,182,11,1,49,4,1,10,3,5,3,67,8
48,STRĂINĂTATE,SPANIA,"CIUDAD REAL","CIUDAD REAL - SPANIA",355,Europarlamentare,0,0,0,599,0,0,599,3501,2903,581,17,0,INTACTA,27,195,9,8,265,4,1,33,5,2,5,7,0,5,10,5
48,STRĂINĂTATE,SPANIA,CUENCA,"CUENCA - SPANIA",356,Europarlamentare,0,0,0,507,0,0,507,3500,2993,498,9,"NU SUNT",INTACTA,17,166,17,6,200,9,8,26,9,3,7,5,1,2,9,13
48,STRĂINĂTATE,SPANIA,TARANCÓN,"TARANCÓN - SPANIA",357,Europarlamentare,0,0,0,666,0,0,666,3500,2834,657,9,"NU ESTE CAZUL",INTACTE,17,185,13,7,341,3,4,40,3,1,3,5,0,2,12,21
48,STRĂINĂTATE,SPANIA,TOMELLOSO,"TOMELLOSO - SPANIA",358,Europarlamentare,0,0,0,1043,0,0,1043,3500,2457,1026,17,0,"PE LISTE AU FOST 1040 DE PARTICIPANTI IAR IN URNA S-AU GASIT 1043 BULETINE DE VOT",20,309,13,9,536,7,1,36,4,4,4,1,1,7,19,55
48,STRĂINĂTATE,SPANIA,TOLEDO,"TOLEDO - SPANIA",359,Europarlamentare,0,0,0,1340,0,0,1340,3500,2160,1318,22,"NU ESTE CAZUL.",OK,38,380,36,8,698,12,2,69,3,5,8,8,1,8,26,16
48,STRĂINĂTATE,SPANIA,ALBACETE,"ALBACETE - SPANIA",360,Europarlamentare,0,0,0,487,0,0,487,3500,3013,473,14,"NU AU EXISTAT","FOARTE BUNA",6,154,10,2,231,5,3,17,3,1,3,1,0,2,19,16
48,STRĂINĂTATE,SPANIA,ALMERIA,"ALMERIA - SPANIA",361,Europarlamentare,0,0,0,1000,0,0,1000,3500,2500,986,12,"NU EXISTA",OK,24,373,21,3,437,9,1,66,3,1,14,5,0,8,16,5
48,STRĂINĂTATE,SPANIA,"ROQUETAS DE MAR","ROQUETAS DE MAR - SPANIA",362,Europarlamentare,0,0,0,978,0,0,978,3500,2534,948,18,0,0,18,317,14,3,450,6,2,49,3,5,7,2,0,5,25,42
48,STRĂINĂTATE,SPANIA,MOTRIL,"MOTRIL - SPANIA",363,Europarlamentare,0,0,0,964,0,0,964,3500,2536,946,18,0,0,19,253,28,7,522,15,3,22,5,1,8,10,2,4,32,15
48,STRĂINĂTATE,SPANIA,MURCIA,"MURCIA - SPANIA",364,Europarlamentare,0,0,0,926,0,0,926,3500,2574,910,16,"ALEGATORUL CU CNP 2780912100010- MAZILU CRISTINA MONICA DUPA CE A FOST VALIDATA IN SISTEMUL INFORMATIC PRIVIND EXPRIMAREA VOTULUI PENTRU PARLAMENTUL EUROPEAN ACEASTA S-A RAZGANDIT SI NU A MAI DORIT SA-SI EXPRIME OBTIUNEA DE VOT. PE TIMPUL VOTARII SISTEMUL INFORMATIC SI-A PIERDUT CONEXIUNEA LA INTERNET",INTACTE,15,336,25,4,407,11,5,46,4,0,15,2,1,4,23,12
48,STRĂINĂTATE,SPANIA,SEVILLA,"SEVILLA - SPANIA",365,Europarlamentare,0,0,0,609,0,0,609,5001,4392,585,24,0,"STARE BUNA",41,216,20,5,219,8,0,31,7,2,3,2,1,5,24,1
48,STRĂINĂTATE,SPANIA,LEPE,"LEPE - SPANIA",366,Europarlamentare,0,0,0,368,0,0,368,5000,4632,359,9,0,0,12,83,15,3,181,6,1,20,6,3,6,4,1,2,13,3
48,STRĂINĂTATE,SPANIA,"PALOS DE LA FRONTERA","PALOS DE LA FRONTERA - SPANIA",367,Europarlamentare,0,0,0,807,0,0,807,5000,4193,775,32,"NU EXISTĂ INTÂMPINĂRI.",INTACTĂ.,52,140,16,7,448,19,7,41,4,2,9,6,1,3,17,3
48,STRĂINĂTATE,SPANIA,MALAGA,"MALAGA - SPANIA",368,Europarlamentare,0,0,0,1246,0,0,1246,5000,3754,1241,5,"FARA INCIDENTE",INTACTE,33,628,27,7,395,10,2,52,6,1,7,6,3,13,21,30
48,STRĂINĂTATE,SPANIA,ALMENDRALEJO,"ALMENDRALEJO - SPANIA",369,Europarlamentare,0,0,0,330,0,0,330,5000,4670,328,2,"DL. ADRIAN DIACONU S-A PREZENTAT LA VOT SI DUPA INREGISTRAREA IN SIMPV NU A MAI DORIT SA VOTEZE LA ALEGERILE PENTRU PARLAMENTUL EUROPEAN","BUNA INTACTA",15,121,8,6,135,0,0,12,9,1,3,2,0,5,9,2
48,STRĂINĂTATE,SPANIA,BILBAO,"BILBAO - SPANIA",370,Europarlamentare,0,0,0,962,0,0,962,3500,2538,949,13,0,0,26,332,41,3,403,17,5,61,8,1,3,8,1,7,27,6
48,STRĂINĂTATE,SPANIA,BILBAO,"BILBAO - SPANIA",371,Europarlamentare,0,0,0,950,0,0,950,3500,2540,940,10,0,0,24,358,33,11,360,13,3,64,13,2,12,6,1,11,22,7
48,STRĂINĂTATE,SPANIA,LOGRONO,"LOGRONO - SPANIA",372,Europarlamentare,0,0,0,892,0,0,892,3500,2608,875,17,0,0,19,334,18,4,381,6,5,37,4,2,10,4,1,3,33,14
48,STRĂINĂTATE,SPANIA,LOGRONO,"LOGRONO - SPANIA",373,Europarlamentare,0,0,0,810,0,0,810,3500,2690,804,6,0,0,16,288,21,5,306,8,2,36,9,2,8,7,2,6,51,37
48,STRĂINĂTATE,SPANIA,PAMPLONA,"PAMPLONA - SPANIA",374,Europarlamentare,0,0,0,1118,0,0,1118,3500,2382,1104,14,"NU AU EXISTAT",INTACTA,13,422,19,7,455,14,2,46,6,0,15,4,1,15,26,59
48,STRĂINĂTATE,SPANIA,GIJON,"GIJON - SPANIA",375,Europarlamentare,0,0,0,744,0,0,744,3500,2758,682,58,.,.,19,272,25,4,218,8,6,40,5,2,6,3,0,3,20,51
48,STRĂINĂTATE,SPANIA,"SANTIAGO DE COMPOSTELA","SANTIAGO DE COMPOSTELA - SPANIA",376,Europarlamentare,0,0,0,282,0,0,282,3500,3218,277,5,0,0,5,118,7,1,96,4,0,24,0,1,2,1,0,3,11,4
48,STRĂINĂTATE,SPANIA,BURGOS,"BURGOS - SPANIA",377,Europarlamentare,0,0,0,1081,0,0,1081,3500,2419,1067,14,"FARA ALTE EVENIMENTE",BUNA,12,468,19,11,388,12,5,53,7,1,13,5,2,13,32,26
48,STRĂINĂTATE,SPANIA,SANTANDER,"SANTANDER - SPANIA",378,Europarlamentare,0,0,0,573,0,0,573,3500,2928,568,4,0,.,19,275,11,3,138,12,3,40,1,1,10,5,0,1,23,26
48,STRĂINĂTATE,SPANIA,ALICANTE,"ALICANTE - SPANIA",379,Europarlamentare,0,0,0,988,0,0,988,4000,3012,974,14,0,0,13,368,39,6,379,17,1,34,4,2,9,6,0,14,36,46
48,STRĂINĂTATE,SPANIA,BENIDORM,"BENIDORM - SPANIA",380,Europarlamentare,0,0,0,1250,0,0,1250,4000,2750,1232,18,0,0,28,565,36,12,404,23,2,83,7,4,6,11,3,7,15,26
48,STRĂINĂTATE,SPANIA,"CASTELLON DE PLANA","CASTELLON DE PLANA - SPANIA",381,Europarlamentare,0,0,0,1662,0,0,1662,4000,2342,1648,10,0,0,36,611,36,12,687,12,6,115,8,3,10,3,3,11,36,59
48,STRĂINĂTATE,SPANIA,PENISCOLA,"PENISCOLA - SPANIA",382,Europarlamentare,0,0,0,1196,0,0,1196,4000,2804,1179,17,0,0,17,402,22,15,527,6,2,37,5,3,10,10,0,10,31,82
48,STRĂINĂTATE,SPANIA,VALENCIA,"VALENCIA - SPANIA",383,Europarlamentare,0,0,0,1319,0,0,1319,4000,2681,1311,8,0,INTACTE,13,572,33,6,528,14,6,63,8,3,5,8,0,10,33,9
48,STRĂINĂTATE,SPANIA,GANDIA,"GANDIA - SPANIA",384,Europarlamentare,0,0,0,895,0,0,895,4000,3105,875,20,0,0,16,347,23,11,331,7,3,59,16,2,5,10,2,9,21,13
48,STRĂINĂTATE,"SRI LANKA",COLOMBO,"COLOMBO - SRI LANKA",385,Europarlamentare,0,0,0,16,0,0,16,100,84,16,0,"NU AU FOST",INTACTA,1,6,2,0,4,2,0,1,0,0,0,0,0,0,0,0
48,STRĂINĂTATE,SUA,"CHICAGO, ILLINOIS","CHICAGO, ILLINOIS - SUA",386,Europarlamentare,0,0,0,239,0,0,239,2000,1761,237,2,0,INTACTA,13,155,2,1,43,3,0,12,0,0,0,0,0,0,1,7
48,STRĂINĂTATE,SUA,"CHICAGO, ILLINOIS","CHICAGO, ILLINOIS - SUA",387,Europarlamentare,0,0,0,374,0,0,374,2000,1626,372,2,0,INTACTE,7,199,6,1,104,6,0,24,0,0,0,6,0,3,9,7
48,STRĂINĂTATE,SUA,"CHICAGO, ILLINOIS","CHICAGO, ILLINOIS - SUA",388,Europarlamentare,0,0,0,248,0,0,248,2000,1752,245,3,"Nu a FOST CAZUL",INTACTE,2,113,7,1,65,3,3,24,0,0,2,1,0,2,5,17
48,STRĂINĂTATE,SUA,"NILES, ILLINOIS","NILES, ILLINOIS - SUA",389,Europarlamentare,0,0,0,733,0,0,733,2000,1267,723,10,0,BUNA,23,319,13,5,176,12,1,42,1,0,4,1,0,6,5,115
48,STRĂINĂTATE,SUA,"ILINOIS, WOOD DALE","ILINOIS, WOOD DALE - SUA",390,Europarlamentare,0,0,0,203,0,0,203,2000,1797,202,1,"NU ESTE CAZUL.",INTACTA.,12,115,3,1,42,1,0,10,2,1,3,1,0,0,3,8
48,STRĂINĂTATE,SUA,"DETROIT, MICHIGAN","DETROIT, MICHIGAN - SUA",391,Europarlamentare,0,0,0,264,0,0,264,2000,1736,263,1,"NU AU FOST",INTACTA,7,112,4,1,72,2,0,13,0,0,0,0,1,1,11,39
48,STRĂINĂTATE,SUA,"MICHIGAN, PLYMOUTH","MICHIGAN, PLYMOUTH - SUA",392,Europarlamentare,0,0,0,228,0,0,228,2000,1772,226,2,0,0,6,88,3,0,79,3,0,24,0,0,1,1,1,2,5,13
48,STRĂINĂTATE,SUA,"INDIANAPOLIS, INDIANA","INDIANAPOLIS, INDIANA - SUA",393,Europarlamentare,0,0,0,63,0,0,63,2000,1937,62,1,0,BUNA,1,42,0,1,7,1,0,6,0,0,0,0,0,1,2,1
48,STRĂINĂTATE,SUA,"MINNEAPOLIS, MINNESOTA","MINNEAPOLIS, MINNESOTA - SUA",394,Europarlamentare,0,0,0,39,0,0,39,2000,1961,39,0,0,VERIFICATA,1,14,3,0,8,0,1,8,0,0,0,0,0,1,0,3
48,STRĂINĂTATE,SUA,"MISSOURI, SAINT LOUIS","MISSOURI, SAINT LOUIS - SUA",395,Europarlamentare,0,0,0,44,0,0,44,2000,1956,42,2,0,0,1,26,0,0,9,1,0,2,0,0,0,0,0,0,0,3
48,STRĂINĂTATE,SUA,"CALIFORNIA, LOS ANGELES","CALIFORNIA, LOS ANGELES - SUA",396,Europarlamentare,0,0,0,496,0,0,496,2500,2004,491,5,"NU ESTE CAZUL",INTACTE,8,338,3,0,87,4,3,28,1,0,1,1,1,3,5,8
48,STRĂINĂTATE,SUA,"SACRAMENTO, CALIFORNIA","SACRAMENTO, CALIFORNIA - SUA",397,Europarlamentare,0,0,0,217,0,0,217,2500,2283,213,4,N,NORMAL,6,93,0,2,49,0,0,17,0,0,0,0,0,4,3,39
48,STRĂINĂTATE,SUA,"SAN FRANCISCO, CALIFORNIA","SAN FRANCISCO, CALIFORNIA - SUA",398,Europarlamentare,0,0,0,566,0,0,566,2500,1934,558,7,"UN BULETIN DE VOT NU SE REGASESTE IN URNE.",INTACTE,10,372,5,5,86,5,5,36,1,0,2,0,2,3,8,18
48,STRĂINĂTATE,SUA,"LAS VEGAS, NEVADA","LAS VEGAS, NEVADA - SUA",399,Europarlamentare,0,0,0,178,0,0,178,2501,2323,176,2,0,0,10,94,3,2,33,1,1,9,0,0,0,2,0,0,21,0
48,STRĂINĂTATE,SUA,"PHOENIX, ARIZONA","PHOENIX, ARIZONA - SUA",400,Europarlamentare,0,0,0,302,0,0,302,2500,2198,302,0,"NU A FOST CAZUL",INTACTE,1,117,4,1,81,2,0,33,0,1,3,2,0,0,2,55
48,STRĂINĂTATE,SUA,"PORTLAND, OREGON","PORTLAND, OREGON - SUA",401,Europarlamentare,0,0,0,327,0,0,327,2500,2173,321,6,"NU ESTE CAZUL",INTACTE,9,97,6,0,84,2,6,26,0,1,2,2,0,4,7,75
48,STRĂINĂTATE,SUA,"SEATTLE, WASHINGTON","SEATTLE, WASHINGTON - SUA",402,Europarlamentare,0,0,0,536,0,0,536,2500,1964,531,5,"NU i s-a PERMIS VOTUL UNEI CETATENE CU PASAPORT FRANCEZ, NEINREGISTRATA IN LISTELE PRIMITE.",BUNA,6,318,8,4,88,4,2,17,0,0,1,4,0,4,5,70
48,STRĂINĂTATE,SUA,"SALT LAKE CITY, UTAH","SALT LAKE CITY, UTAH - SUA",403,Europarlamentare,0,0,0,72,0,0,72,2501,2429,72,0,"NU AU FOST",INTACTE,1,54,0,3,5,0,0,4,0,0,0,0,0,0,3,2
48,STRĂINĂTATE,SUA,"FLORIDA, MIAMI","FLORIDA, MIAMI - SUA",404,Europarlamentare,0,0,0,182,0,0,182,2501,2319,182,0,"NU SUNT",INTACTE,6,121,3,0,30,3,1,10,0,0,0,1,0,3,1,3
48,STRĂINĂTATE,SUA,"HOLLYWOOD, FLORIDA","HOLLYWOOD, FLORIDA - SUA",405,Europarlamentare,0,0,0,473,0,0,473,2500,2027,467,6,"IN LISTA ELECTORALA SUPLIMENTARA PT.P.E. LA POZITIA NR.82 DATORITA AGLOMERATIEI DIN SECTIA DE VOTARE, ALEGATORUL POPESCU GEORGETA NU A SEMNAT IN LISTA SUPLIMENTARA SI NU A RIDICAT CARTEA DE IDENTITATEI.",INTACTE,10,236,5,0,109,2,0,44,1,1,0,0,0,3,10,46
48,STRĂINĂTATE,SUA,"HOUSTON, TEXAS","HOUSTON, TEXAS - SUA",406,Europarlamentare,0,0,0,288,0,0,288,2500,2212,284,4,"NU AU FOST SEMNALATE EVENIMENTE DEOSEBITE",BUNA,8,157,7,0,53,2,0,10,0,0,1,2,0,3,1,40
48,STRĂINĂTATE,SUA,"DALLAS, TEXAS","DALLAS, TEXAS - SUA",407,Europarlamentare,0,0,0,159,0,0,159,2501,2342,157,2,"NU AU FOST",INTACTA,3,78,3,1,34,2,0,16,0,0,0,0,0,3,3,14
48,STRĂINĂTATE,SUA,"GEORGIA, LILBURN","GEORGIA, LILBURN - SUA",408,Europarlamentare,0,0,0,460,0,0,460,2501,2041,453,7,"NU AU FOST INTAMPINARI SAU CONTESTATII",BUNA,11,191,8,8,122,4,1,36,0,0,2,1,4,0,20,45
48,STRĂINĂTATE,SUA,"NEW YORK, NEW YORK","NEW YORK, NEW YORK - SUA",409,Europarlamentare,0,0,0,1108,0,0,1108,6000,4892,1097,11,"NU ESTE CAZUL",INTACTA,38,664,29,2,213,25,3,62,2,0,5,8,2,6,16,22
48,STRĂINĂTATE,SUA,"PHILADELPHIA, PENNSYLVANIA","PHILADELPHIA, PENNSYLVANIA - SUA",410,Europarlamentare,0,0,0,267,0,0,267,2500,2233,267,0,"NU ESTE CAZUL",BUNA,9,167,6,3,49,5,0,20,0,0,0,0,0,2,0,6
48,STRĂINĂTATE,SUA,"BOSTON, MASSACHUSETTS","BOSTON, MASSACHUSETTS - SUA",411,Europarlamentare,0,0,0,380,0,0,380,2400,2020,379,1,0,0,9,257,6,9,67,4,0,11,0,0,0,2,0,6,4,4
48,STRĂINĂTATE,SUA,"CONNECTICUT, PLAINVILLE","CONNECTICUT, PLAINVILLE - SUA",412,Europarlamentare,0,0,0,83,0,0,83,2501,2418,83,0,"NU EXISTA","LA FEL CA LA INCEPUTUL VOTARII INTACTA",3,47,0,0,24,2,0,4,1,0,0,0,0,0,0,2
48,STRĂINĂTATE,SUA,"NEW JERSEY, ENGLEWOOD","NEW JERSEY, ENGLEWOOD - SUA",413,Europarlamentare,0,0,0,144,0,0,144,2500,2356,144,0,0,0,1,102,1,1,25,3,0,8,1,0,0,0,0,1,0,1
48,STRĂINĂTATE,SUA,"WASHINGTON DC","WASHINGTON DC - SUA",414,Europarlamentare,0,0,0,614,0,0,614,2500,1886,610,4,"NU ESTE CAZUL",INTACTA,30,356,35,8,116,12,0,27,0,0,2,1,1,10,5,7
48,STRĂINĂTATE,SUA,"CHARLOTTE, CAROLINA DE NORD","CHARLOTTE, CAROLINA DE NORD - SUA",415,Europarlamentare,0,0,0,160,0,0,160,2500,2340,160,0,"N\A",BUNA,2,76,0,0,35,3,1,6,0,0,3,1,0,1,3,29
48,STRĂINĂTATE,SUA,"CLEVELAND, OHIO","CLEVELAND, OHIO - SUA",416,Europarlamentare,0,0,0,234,0,0,234,2500,2265,233,1,"NU E CAZUL",INTACTE,13,91,5,1,82,5,0,13,0,0,3,2,0,2,3,13
48,STRĂINĂTATE,SUDAN,KHARTOUM,"KHARTOUM - SUDAN",417,Europarlamentare,0,0,0,12,0,0,12,100,88,10,2,"NU E CAZUL",BUNA,1,5,1,0,1,2,0,0,0,0,0,0,0,0,0,0
48,STRĂINĂTATE,SUEDIA,STOCKHOLM,"STOCKHOLM - SUEDIA",418,Europarlamentare,0,0,0,1376,0,0,1376,3000,1634,1350,7,"SUNT NECONCORDANTE, SE VOR DETALIA IN PV SEMNAT",INTACTE,18,907,29,11,202,10,1,68,4,0,6,3,3,11,62,15
48,STRĂINĂTATE,SUEDIA,GÖTEBORG,"GÖTEBORG - SUEDIA",419,Europarlamentare,0,0,0,1364,0,0,1364,3000,1636,1358,6,"NU AU EXISTAT",CORESPUNZATOARE,21,743,50,11,263,30,3,110,4,2,22,10,3,18,30,38
48,STRĂINĂTATE,SUEDIA,MALMÖ,"MALMÖ - SUEDIA",420,Europarlamentare,0,0,0,1059,0,0,1059,3000,1941,1044,8,"NU AM AVUT CONTESTATII!","FOARTE BUNA",18,655,14,13,219,14,6,42,6,0,7,3,3,15,21,8
48,STRĂINĂTATE,SUEDIA,SOLVERSBORG,"SOLVERSBORG - SUEDIA",421,Europarlamentare,0,0,0,377,0,0,377,2200,1823,375,2,NU,INTACTA,5,178,6,3,102,6,0,26,1,1,6,1,1,3,9,27
48,STRĂINĂTATE,"REGATUL THAILANDEI",BANGKOK,"BANGKOK - REGATUL THAILANDEI",422,Europarlamentare,0,0,0,81,0,0,81,1000,919,81,0,"NU AVEM",INTACTE,1,59,1,0,9,2,0,1,0,0,1,0,0,1,2,4
48,STRĂINĂTATE,TUNISIA,TUNIS,"TUNIS - TUNISIA",423,Europarlamentare,0,0,0,91,0,0,91,500,409,89,2,0,0,11,38,9,0,10,4,1,8,1,1,0,2,0,2,2,0
48,STRĂINĂTATE,TURCIA,IZMIR,"IZMIR - TURCIA",424,Europarlamentare,0,0,0,123,0,0,123,500,377,122,1,O,"PERFECTA STARE",10,67,9,0,22,2,1,5,1,1,0,0,0,1,1,2
48,STRĂINĂTATE,TURCIA,ISTANBUL,"ISTANBUL - TURCIA",425,Europarlamentare,0,0,0,221,0,0,221,1000,779,220,1,"NU ESTE CAZUL",INTACTE,28,100,16,2,41,3,1,12,0,0,2,0,0,3,6,6
48,STRĂINĂTATE,TURCIA,ISTANBUL,"ISTANBUL - TURCIA",426,Europarlamentare,0,0,0,466,0,0,466,1000,534,462,4,"NU A FOST CAZUL",OK,23,260,20,10,87,6,2,25,4,0,3,4,1,6,9,2
48,STRĂINĂTATE,TURCIA,ANKARA,"ANKARA - TURCIA",427,Europarlamentare,0,0,0,139,0,0,139,1000,861,138,1,"NU ESTE CAZUL",INTACTA,12,73,12,0,13,3,0,11,1,3,1,0,0,1,6,2
48,STRĂINĂTATE,TURKMENISTAN,ASHABAT,"ASHABAT - TURKMENISTAN",428,Europarlamentare,0,0,0,16,0,0,16,200,184,15,1,0,0,1,9,0,0,2,0,0,2,0,0,0,0,1,0,0,0
48,STRĂINĂTATE,UCRAINA,KIEV,"KIEV - UCRAINA",429,Europarlamentare,0,0,0,121,0,0,121,500,379,118,3,"NU ESTE CAZUL",INTACTE,8,75,4,0,16,2,0,4,1,0,1,2,1,4,0,0
48,STRĂINĂTATE,UCRAINA,ODESA,"ODESA - UCRAINA",430,Europarlamentare,0,0,0,54,0,0,54,300,246,54,0,0,0,1,26,5,1,13,1,0,3,0,0,0,0,0,3,1,0
48,STRĂINĂTATE,UCRAINA,CERNĂUŢI,"CERNĂUŢI - UCRAINA",431,Europarlamentare,0,0,0,244,0,0,244,1000,756,241,3,0,0,141,22,10,0,19,4,0,14,0,0,0,1,0,1,12,17
48,STRĂINĂTATE,UCRAINA,SOLOTVINO,"SOLOTVINO - UCRAINA",432,Europarlamentare,0,0,0,29,0,0,29,500,471,29,0,"NU ESTE CAZUL.",INTACTA.,8,4,2,1,5,1,0,7,0,0,0,0,0,0,1,0
48,STRĂINĂTATE,UNGARIA,GYULA,"GYULA - UNGARIA",433,Europarlamentare,0,0,0,84,0,0,84,3000,2916,83,1,"NU ESTE CAZUL",INTACTE,7,25,3,24,12,3,1,3,0,0,0,0,0,1,0,4
48,STRĂINĂTATE,UNGARIA,BUDAPESTA,"BUDAPESTA - UNGARIA",434,Europarlamentare,0,0,0,941,0,0,941,3000,2059,927,14,0,0,17,447,18,251,136,11,0,14,2,1,2,1,1,5,17,4
48,STRĂINĂTATE,UNGARIA,BUDAPESTA,"BUDAPESTA - UNGARIA",435,Europarlamentare,0,0,0,833,0,0,833,3000,2167,824,9,"NU SUNT","FOARTE BUNA",9,398,22,199,120,18,1,30,2,0,3,3,3,4,10,2
48,STRĂINĂTATE,UNGARIA,SZEGED,"SZEGED - UNGARIA",436,Europarlamentare,0,0,0,119,0,0,119,3000,2881,118,1,0,"IN STARE NEDETERIORATA",17,46,3,39,7,0,0,2,0,0,0,0,0,1,1,2
48,STRĂINĂTATE,URUGUAY,MONTEVIDEO,"MONTEVIDEO - URUGUAY",437,Europarlamentare,0,0,0,30,0,0,30,100,70,29,1,0,0,4,17,0,0,2,4,0,0,0,0,0,0,0,0,0,2
48,STRĂINĂTATE,UZBEKISTAN,TAȘKENT,"TAȘKENT - UZBEKISTAN",438,Europarlamentare,0,0,0,10,0,0,10,100,90,10,0,"NU AU FOST INTAMPINARI SI NICI CONTESTATII",INTACTA,0,10,0,0,0,0,0,0,0,0,0,0,0,0,0,0
48,STRĂINĂTATE,VENEZUELA,CARACAS,"CARACAS - VENEZUELA",439,Europarlamentare,0,0,0,32,0,0,32,100,68,32,0,"NU E CAZUL",INTACTE,0,7,0,0,24,1,0,0,0,0,0,0,0,0,0,0
48,STRĂINĂTATE,VIETNAM,HANOI,"HANOI - VIETNAM",440,Europarlamentare,0,0,0,58,0,0,58,99,41,58,0,"NU A FOST CAZUL.",INTACTA,7,36,1,1,5,2,0,1,0,0,1,2,1,1,0,0
48,STRĂINĂTATE,ZIMBABWE,HARARE,"HARARE - ZIMBABWE",441,Europarlamentare,0,0,0,4,0,0,4,98,94,4,0,"NU AU EXISTAT CONTESTATII","SIGILILE AU FOST INTACTE",1,2,0,0,0,0,0,1,0,0,0,0,0,0,0,0
